filename,label
nev00001.jpg,0
nev00002.jpg,0
nev00003.jpg,0
nev00004.jpg,0
nev00005.jpg,0
nev00006.jpg,0
nev00007.jpg,0
nev00008.jpg,0
nev00009.jpg,0
nev00010.jpg,0
nev00011.jpg,0
nev00012.jpg,0
nev00013.jpg,0
nev00014.jpg,0
nev00015.jpg,0
nev00016.jpg,0
nev00017.jpg,0
nev00018.jpg,0
nev00019.jpg,0
nev00020.jpg,0
nev00021.jpg,0
nev00022.jpg,0
nev00023.jpg,0
nev00024.jpg,0
nev00025.jpg,0
nev00026.jpg,0
nev00027.jpg,0
nev00028.jpg,0
nev00029.jpg,0
nev00030.jpg,0
nev00031.jpg,0
nev00032.jpg,0
nev00033.jpg,0
nev00034.jpg,0
nev00035.jpg,0
nev00036.jpg,0
nev00037.jpg,0
nev00038.jpg,0
nev00039.jpg,0
nev00040.jpg,0
nev00041.jpg,0
nev00042.jpg,0
nev00043.jpg,0
nev00044.jpg,0
nev00045.jpg,0
nev00046.jpg,0
nev00047.jpg,0
nev00048.jpg,0
nev00049.jpg,0
nev00050.jpg,0
nev00051.jpg,0
nev00052.jpg,0
nev00053.jpg,0
nev00054.jpg,0
nev00055.jpg,0
nev00056.jpg,0
nev00057.jpg,0
nev00058.jpg,0
nev00059.jpg,0
nev00060.jpg,0
nev00061.jpg,0
nev00062.jpg,0
nev00063.jpg,0
nev00064.jpg,0
nev00065.jpg,0
nev00066.jpg,0
nev00067.jpg,0
nev00068.jpg,0
nev00069.jpg,0
nev00070.jpg,0
nev00071.jpg,0
nev00072.jpg,0
nev00073.jpg,0
nev00074.jpg,0
nev00075.jpg,0
nev00076.jpg,0
nev00077.jpg,0
nev00078.jpg,0
nev00079.jpg,0
nev00080.jpg,0
nev00081.jpg,0
nev00082.jpg,0
nev00083.jpg,0
nev00084.jpg,0
nev00085.jpg,0
nev00086.jpg,0
nev00087.jpg,0
nev00088.jpg,0
nev00089.jpg,0
nev00090.jpg,0
nev00091.jpg,0
nev00092.jpg,0
nev00093.jpg,0
nev00094.jpg,0
nev00095.jpg,0
nev00096.jpg,0
nev00097.jpg,0
nev00098.jpg,0
nev00099.jpg,0
nev00100.jpg,0
nev00101.jpg,0
nev00102.jpg,0
nev00103.jpg,0
nev00104.jpg,0
nev00105.jpg,0
nev00106.jpg,0
nev00107.jpg,0
nev00108.jpg,0
nev00109.jpg,0
nev00110.jpg,0
nev00111.jpg,0
nev00112.jpg,0
nev00113.jpg,0
nev00114.jpg,0
nev00115.jpg,0
nev00116.jpg,0
nev00117.jpg,0
nev00118.jpg,0
nev00119.jpg,0
nev00120.jpg,0
nev00121.jpg,0
nev00122.jpg,0
nev00123.jpg,0
nev00124.jpg,0
nev00125.jpg,0
nev00126.jpg,0
nev00127.jpg,0
nev00128.jpg,0
nev00129.jpg,0
nev00130.jpg,0
nev00131.jpg,0
nev00132.jpg,0
nev00133.jpg,0
nev00134.jpg,0
nev00135.jpg,0
nev00136.jpg,0
nev00137.jpg,0
nev00138.jpg,0
nev00139.jpg,0
nev00140.jpg,0
nev00141.jpg,0
nev00142.jpg,0
nev00143.jpg,0
nev00144.jpg,0
nev00145.jpg,0
nev00146.jpg,0
nev00147.jpg,0
nev00148.jpg,0
nev00149.jpg,0
nev00150.jpg,0
nev00151.jpg,0
nev00152.jpg,0
nev00153.jpg,0
nev00154.jpg,0
nev00155.jpg,0
nev00156.jpg,0
nev00157.jpg,0
nev00158.jpg,0
nev00159.jpg,0
nev00160.jpg,0
nev00161.jpg,0
nev00162.jpg,0
nev00163.jpg,0
nev00164.jpg,0
nev00165.jpg,0
nev00166.jpg,0
nev00167.jpg,0
nev00168.jpg,0
nev00169.jpg,0
nev00170.jpg,0
nev00171.jpg,0
nev00172.jpg,0
nev00173.jpg,0
nev00174.jpg,0
nev00175.jpg,0
nev00176.jpg,0
nev00177.jpg,0
nev00178.jpg,0
nev00179.jpg,0
nev00180.jpg,0
nev00181.jpg,0
nev00182.jpg,0
nev00183.jpg,0
nev00184.jpg,0
nev00185.jpg,0
nev00186.jpg,0
nev00187.jpg,0
nev00188.jpg,0
nev00189.jpg,0
nev00190.jpg,0
nev00191.jpg,0
nev00192.jpg,0
nev00193.jpg,0
nev00194.jpg,0
nev00195.jpg,0
nev00196.jpg,0
nev00197.jpg,0
nev00198.jpg,0
nev00199.jpg,0
nev00200.jpg,0
nev00201.jpg,0
nev00202.jpg,0
nev00203.jpg,0
nev00204.jpg,0
nev00205.jpg,0
nev00206.jpg,0
nev00207.jpg,0
nev00208.jpg,0
nev00209.jpg,0
nev00210.jpg,0
nev00211.jpg,0
nev00212.jpg,0
nev00213.jpg,0
nev00214.jpg,0
nev00215.jpg,0
nev00216.jpg,0
nev00217.jpg,0
nev00218.jpg,0
nev00219.jpg,0
nev00220.jpg,0
nev00221.jpg,0
nev00222.jpg,0
nev00223.jpg,0
nev00224.jpg,0
nev00225.jpg,0
nev00226.jpg,0
nev00227.jpg,0
nev00228.jpg,0
nev00229.jpg,0
nev00230.jpg,0
nev00231.jpg,0
nev00232.jpg,0
nev00233.jpg,0
nev00234.jpg,0
nev00235.jpg,0
nev00236.jpg,0
nev00237.jpg,0
nev00238.jpg,0
nev00239.jpg,0
nev00240.jpg,0
nev00241.jpg,0
nev00242.jpg,0
nev00243.jpg,0
nev00244.jpg,0
nev00245.jpg,0
nev00246.jpg,0
nev00247.jpg,0
nev00248.jpg,0
nev00249.jpg,0
nev00250.jpg,0
nev00251.jpg,0
nev00252.jpg,0
nev00253.jpg,0
nev00254.jpg,0
nev00255.jpg,0
nev00256.jpg,0
nev00257.jpg,0
nev00258.jpg,0
nev00259.jpg,0
nev00260.jpg,0
nev00261.jpg,0
nev00262.jpg,0
nev00263.jpg,0
nev00264.jpg,0
nev00265.jpg,0
nev00266.jpg,0
nev00267.jpg,0
nev00268.jpg,0
nev00269.jpg,0
nev00270.jpg,0
nev00271.jpg,0
nev00272.jpg,0
nev00273.jpg,0
nev00274.jpg,0
nev00275.jpg,0
nev00276.jpg,0
nev00277.jpg,0
nev00278.jpg,0
nev00279.jpg,0
nev00280.jpg,0
nev00281.jpg,0
nev00282.jpg,0
nev00283.jpg,0
nev00284.jpg,0
nev00285.jpg,0
nev00286.jpg,0
nev00287.jpg,0
nev00288.jpg,0
nev00289.jpg,0
nev00290.jpg,0
nev00291.jpg,0
nev00292.jpg,0
nev00293.jpg,0
nev00294.jpg,0
nev00295.jpg,0
nev00296.jpg,0
nev00297.jpg,0
nev00298.jpg,0
nev00299.jpg,0
nev00300.jpg,0
nev00301.jpg,0
nev00302.jpg,0
nev00303.jpg,0
nev00304.jpg,0
nev00305.jpg,0
nev00306.jpg,0
nev00307.jpg,0
nev00308.jpg,0
nev00309.jpg,0
nev00310.jpg,0
nev00311.jpg,0
nev00312.jpg,0
nev00313.jpg,0
nev00314.jpg,0
nev00315.jpg,0
nev00316.jpg,0
nev00317.jpg,0
nev00318.jpg,0
nev00319.jpg,0
nev00320.jpg,0
nev00321.jpg,0
nev00322.jpg,0
nev00323.jpg,0
nev00324.jpg,0
nev00325.jpg,0
nev00326.jpg,0
nev00327.jpg,0
nev00328.jpg,0
nev00329.jpg,0
nev00330.jpg,0
nev00331.jpg,0
nev00332.jpg,0
nev00333.jpg,0
nev00334.jpg,0
nev00335.jpg,0
nev00336.jpg,0
nev00337.jpg,0
nev00338.jpg,0
nev00339.jpg,0
nev00340.jpg,0
nev00341.jpg,0
nev00342.jpg,0
nev00343.jpg,0
nev00344.jpg,0
nev00345.jpg,0
nev00346.jpg,0
nev00347.jpg,0
nev00348.jpg,0
nev00349.jpg,0
nev00350.jpg,0
nev00351.jpg,0
nev00352.jpg,0
nev00353.jpg,0
nev00354.jpg,0
nev00355.jpg,0
nev00356.jpg,0
nev00357.jpg,0
nev00358.jpg,0
nev00359.jpg,0
nev00360.jpg,0
nev00361.jpg,0
nev00362.jpg,0
nev00363.jpg,0
nev00364.jpg,0
nev00365.jpg,0
nev00366.jpg,0
nev00367.jpg,0
nev00368.jpg,0
nev00369.jpg,0
nev00370.jpg,0
nev00371.jpg,0
nev00372.jpg,0
nev00373.jpg,0
nev00374.jpg,0
nev00375.jpg,0
nev00376.jpg,0
nev00377.jpg,0
nev00378.jpg,0
nev00379.jpg,0
nev00380.jpg,0
nev00381.jpg,0
nev00382.jpg,0
nev00383.jpg,0
nev00384.jpg,0
nev00385.jpg,0
nev00386.jpg,0
nev00387.jpg,0
nev00388.jpg,0
nev00389.jpg,0
nev00390.jpg,0
nev00391.jpg,0
nev00392.jpg,0
nev00393.jpg,0
nev00394.jpg,0
nev00395.jpg,0
nev00396.jpg,0
nev00397.jpg,0
nev00398.jpg,0
nev00399.jpg,0
nev00400.jpg,0
nev00401.jpg,0
nev00402.jpg,0
nev00403.jpg,0
nev00404.jpg,0
nev00405.jpg,0
nev00406.jpg,0
nev00407.jpg,0
nev00408.jpg,0
nev00409.jpg,0
nev00410.jpg,0
nev00411.jpg,0
nev00412.jpg,0
nev00413.jpg,0
nev00414.jpg,0
nev00415.jpg,0
nev00416.jpg,0
nev00417.jpg,0
nev00418.jpg,0
nev00419.jpg,0
nev00420.jpg,0
nev00421.jpg,0
nev00422.jpg,0
nev00423.jpg,0
nev00424.jpg,0
nev00425.jpg,0
nev00426.jpg,0
nev00427.jpg,0
nev00428.jpg,0
nev00429.jpg,0
nev00430.jpg,0
nev00431.jpg,0
nev00432.jpg,0
nev00433.jpg,0
nev00434.jpg,0
nev00435.jpg,0
nev00436.jpg,0
nev00437.jpg,0
nev00438.jpg,0
nev00439.jpg,0
nev00440.jpg,0
nev00441.jpg,0
nev00442.jpg,0
nev00443.jpg,0
nev00444.jpg,0
nev00445.jpg,0
nev00446.jpg,0
nev00447.jpg,0
nev00448.jpg,0
nev00449.jpg,0
nev00450.jpg,0
nev00451.jpg,0
nev00452.jpg,0
nev00453.jpg,0
nev00454.jpg,0
nev00455.jpg,0
nev00456.jpg,0
nev00457.jpg,0
nev00458.jpg,0
nev00459.jpg,0
nev00460.jpg,0
nev00461.jpg,0
nev00462.jpg,0
nev00463.jpg,0
nev00464.jpg,0
nev00465.jpg,0
nev00466.jpg,0
nev00467.jpg,0
nev00468.jpg,0
nev00469.jpg,0
nev00470.jpg,0
nev00471.jpg,0
nev00472.jpg,0
nev00473.jpg,0
nev00474.jpg,0
nev00475.jpg,0
nev00476.jpg,0
nev00477.jpg,0
nev00478.jpg,0
nev00479.jpg,0
nev00480.jpg,0
nev00481.jpg,0
nev00482.jpg,0
nev00483.jpg,0
nev00484.jpg,0
nev00485.jpg,0
nev00486.jpg,0
nev00487.jpg,0
nev00488.jpg,0
nev00489.jpg,0
nev00490.jpg,0
nev00491.jpg,0
nev00492.jpg,0
nev00493.jpg,0
nev00494.jpg,0
nev00495.jpg,0
nev00496.jpg,0
nev00497.jpg,0
nev00498.jpg,0
nev00499.jpg,0
nev00500.jpg,0
nev00501.jpg,0
nev00502.jpg,0
nev00503.jpg,0
nev00504.jpg,0
nev00505.jpg,0
nev00506.jpg,0
nev00507.jpg,0
nev00508.jpg,0
nev00509.jpg,0
nev00510.jpg,0
nev00511.jpg,0
nev00512.jpg,0
nev00513.jpg,0
nev00514.jpg,0
nev00515.jpg,0
nev00516.jpg,0
nev00517.jpg,0
nev00518.jpg,0
nev00519.jpg,0
nev00520.jpg,0
nev00521.jpg,0
nev00522.jpg,0
nev00523.jpg,0
nev00524.jpg,0
nev00525.jpg,0
nev00526.jpg,0
nev00527.jpg,0
nev00528.jpg,0
nev00529.jpg,0
nev00530.jpg,0
nev00531.jpg,0
nev00532.jpg,0
nev00533.jpg,0
nev00534.jpg,0
nev00535.jpg,0
nev00536.jpg,0
nev00537.jpg,0
nev00538.jpg,0
nev00539.jpg,0
nev00540.jpg,0
nev00541.jpg,0
nev00542.jpg,0
nev00543.jpg,0
nev00544.jpg,0
nev00545.jpg,0
nev00546.jpg,0
nev00547.jpg,0
nev00548.jpg,0
nev00549.jpg,0
nev00550.jpg,0
nev00551.jpg,0
nev00552.jpg,0
nev00553.jpg,0
nev00554.jpg,0
nev00555.jpg,0
nev00556.jpg,0
nev00557.jpg,0
nev00558.jpg,0
nev00559.jpg,0
nev00560.jpg,0
nev00561.jpg,0
nev00562.jpg,0
nev00563.jpg,0
nev00564.jpg,0
nev00565.jpg,0
nev00566.jpg,0
nev00567.jpg,0
nev00568.jpg,0
nev00569.jpg,0
nev00570.jpg,0
nev00571.jpg,0
nev00572.jpg,0
nev00573.jpg,0
nev00574.jpg,0
nev00575.jpg,0
nev00576.jpg,0
nev00577.jpg,0
nev00578.jpg,0
nev00579.jpg,0
nev00580.jpg,0
nev00581.jpg,0
nev00582.jpg,0
nev00583.jpg,0
nev00584.jpg,0
nev00585.jpg,0
nev00586.jpg,0
nev00587.jpg,0
nev00588.jpg,0
nev00589.jpg,0
nev00590.jpg,0
nev00591.jpg,0
nev00592.jpg,0
nev00593.jpg,0
nev00594.jpg,0
nev00595.jpg,0
nev00596.jpg,0
nev00597.jpg,0
nev00598.jpg,0
nev00599.jpg,0
nev00600.jpg,0
nev00601.jpg,0
nev00602.jpg,0
nev00603.jpg,0
nev00604.jpg,0
nev00605.jpg,0
nev00606.jpg,0
nev00607.jpg,0
nev00608.jpg,0
nev00609.jpg,0
nev00610.jpg,0
nev00611.jpg,0
nev00612.jpg,0
nev00613.jpg,0
nev00614.jpg,0
nev00615.jpg,0
nev00616.jpg,0
nev00617.jpg,0
nev00618.jpg,0
nev00619.jpg,0
nev00620.jpg,0
nev00621.jpg,0
nev00622.jpg,0
nev00623.jpg,0
nev00624.jpg,0
nev00625.jpg,0
nev00626.jpg,0
nev00627.jpg,0
nev00628.jpg,0
nev00629.jpg,0
nev00630.jpg,0
nev00631.jpg,0
nev00632.jpg,0
nev00633.jpg,0
nev00634.jpg,0
nev00635.jpg,0
nev00636.jpg,0
nev00637.jpg,0
nev00638.jpg,0
nev00639.jpg,0
nev00640.jpg,0
nev00641.jpg,0
nev00642.jpg,0
nev00643.jpg,0
nev00644.jpg,0
nev00645.jpg,0
nev00646.jpg,0
nev00647.jpg,0
nev00648.jpg,0
nev00649.jpg,0
nev00650.jpg,0
nev00651.jpg,0
nev00652.jpg,0
nev00653.jpg,0
nev00654.jpg,0
nev00655.jpg,0
nev00656.jpg,0
nev00657.jpg,0
nev00658.jpg,0
nev00659.jpg,0
nev00660.jpg,0
nev00661.jpg,0
nev00662.jpg,0
nev00663.jpg,0
nev00664.jpg,0
nev00665.jpg,0
nev00666.jpg,0
nev00667.jpg,0
nev00668.jpg,0
nev00669.jpg,0
nev00670.jpg,0
nev00671.jpg,0
nev00672.jpg,0
nev00673.jpg,0
nev00674.jpg,0
nev00675.jpg,0
nev00676.jpg,0
nev00677.jpg,0
nev00678.jpg,0
nev00679.jpg,0
nev00680.jpg,0
nev00681.jpg,0
nev00682.jpg,0
nev00683.jpg,0
nev00684.jpg,0
nev00685.jpg,0
nev00686.jpg,0
nev00687.jpg,0
nev00688.jpg,0
nev00689.jpg,0
nev00690.jpg,0
nev00691.jpg,0
nev00692.jpg,0
nev00693.jpg,0
nev00694.jpg,0
nev00695.jpg,0
nev00696.jpg,0
nev00697.jpg,0
nev00698.jpg,0
nev00699.jpg,0
nev00700.jpg,0
nev00701.jpg,0
nev00702.jpg,0
nev00703.jpg,0
nev00704.jpg,0
nev00705.jpg,0
nev00706.jpg,0
nev00707.jpg,0
nev00708.jpg,0
nev00709.jpg,0
nev00710.jpg,0
nev00711.jpg,0
nev00712.jpg,0
nev00713.jpg,0
nev00714.jpg,0
nev00715.jpg,0
nev00716.jpg,0
nev00717.jpg,0
nev00718.jpg,0
nev00719.jpg,0
nev00720.jpg,0
nev00721.jpg,0
nev00722.jpg,0
nev00723.jpg,0
nev00724.jpg,0
nev00725.jpg,0
nev00726.jpg,0
nev00727.jpg,0
nev00728.jpg,0
nev00729.jpg,0
nev00730.jpg,0
nev00731.jpg,0
nev00732.jpg,0
nev00733.jpg,0
nev00734.jpg,0
nev00735.jpg,0
nev00736.jpg,0
nev00737.jpg,0
nev00738.jpg,0
nev00739.jpg,0
nev00740.jpg,0
nev00741.jpg,0
nev00742.jpg,0
nev00743.jpg,0
nev00744.jpg,0
nev00745.jpg,0
nev00746.jpg,0
nev00747.jpg,0
nev00748.jpg,0
nev00749.jpg,0
nev00750.jpg,0
nev00751.jpg,0
nev00752.jpg,0
nev00753.jpg,0
nev00754.jpg,0
nev00755.jpg,0
nev00756.jpg,0
nev00757.jpg,0
nev00758.jpg,0
nev00759.jpg,0
nev00760.jpg,0
nev00761.jpg,0
nev00762.jpg,0
nev00763.jpg,0
nev00764.jpg,0
nev00765.jpg,0
nev00766.jpg,0
nev00767.jpg,0
nev00768.jpg,0
nev00769.jpg,0
nev00770.jpg,0
nev00771.jpg,0
nev00772.jpg,0
nev00773.jpg,0
nev00774.jpg,0
nev00775.jpg,0
nev00776.jpg,0
nev00777.jpg,0
nev00778.jpg,0
nev00779.jpg,0
nev00780.jpg,0
nev00781.jpg,0
nev00782.jpg,0
nev00783.jpg,0
nev00784.jpg,0
nev00785.jpg,0
nev00786.jpg,0
nev00787.jpg,0
nev00788.jpg,0
nev00789.jpg,0
nev00790.jpg,0
nev00791.jpg,0
nev00792.jpg,0
nev00793.jpg,0
nev00794.jpg,0
nev00795.jpg,0
nev00796.jpg,0
nev00797.jpg,0
nev00798.jpg,0
nev00799.jpg,0
nev00800.jpg,0
nev00801.jpg,0
nev00802.jpg,0
nev00803.jpg,0
nev00804.jpg,0
nev00805.jpg,0
nev00806.jpg,0
nev00807.jpg,0
nev00808.jpg,0
nev00809.jpg,0
nev00810.jpg,0
nev00811.jpg,0
nev00812.jpg,0
nev00813.jpg,0
nev00814.jpg,0
nev00815.jpg,0
nev00816.jpg,0
nev00817.jpg,0
nev00818.jpg,0
nev00819.jpg,0
nev00820.jpg,0
nev00821.jpg,0
nev00822.jpg,0
nev00823.jpg,0
nev00824.jpg,0
nev00825.jpg,0
nev00826.jpg,0
nev00827.jpg,0
nev00828.jpg,0
nev00829.jpg,0
nev00830.jpg,0
nev00831.jpg,0
nev00832.jpg,0
nev00833.jpg,0
nev00834.jpg,0
nev00835.jpg,0
nev00836.jpg,0
nev00837.jpg,0
nev00838.jpg,0
nev00839.jpg,0
nev00840.jpg,0
nev00841.jpg,0
nev00842.jpg,0
nev00843.jpg,0
nev00844.jpg,0
nev00845.jpg,0
nev00846.jpg,0
nev00847.jpg,0
nev00848.jpg,0
nev00849.jpg,0
nev00850.jpg,0
nev00851.jpg,0
nev00852.jpg,0
nev00853.jpg,0
nev00854.jpg,0
nev00855.jpg,0
nev00856.jpg,0
nev00857.jpg,0
nev00858.jpg,0
nev00859.jpg,0
nev00860.jpg,0
nev00861.jpg,0
nev00862.jpg,0
nev00863.jpg,0
nev00864.jpg,0
nev00865.jpg,0
nev00866.jpg,0
nev00867.jpg,0
nev00868.jpg,0
nev00869.jpg,0
nev00870.jpg,0
nev00871.jpg,0
nev00872.jpg,0
nev00873.jpg,0
nev00874.jpg,0
nev00875.jpg,0
nev00876.jpg,0
nev00877.jpg,0
nev00878.jpg,0
nev00879.jpg,0
nev00880.jpg,0
nev00881.jpg,0
nev00882.jpg,0
nev00883.jpg,0
nev00884.jpg,0
nev00885.jpg,0
nev00886.jpg,0
nev00887.jpg,0
nev00888.jpg,0
nev00889.jpg,0
nev00890.jpg,0
nev00891.jpg,0
nev00892.jpg,0
nev00893.jpg,0
nev00894.jpg,0
nev00895.jpg,0
nev00896.jpg,0
nev00897.jpg,0
nev00898.jpg,0
nev00899.jpg,0
nev00900.jpg,0
nev00901.jpg,0
nev00902.jpg,0
nev00903.jpg,0
nev00904.jpg,0
nev00905.jpg,0
nev00906.jpg,0
nev00907.jpg,0
nev00908.jpg,0
nev00909.jpg,0
nev00910.jpg,0
nev00911.jpg,0
nev00912.jpg,0
nev00913.jpg,0
nev00914.jpg,0
nev00915.jpg,0
nev00916.jpg,0
nev00917.jpg,0
nev00918.jpg,0
nev00919.jpg,0
nev00920.jpg,0
nev00921.jpg,0
nev00922.jpg,0
nev00923.jpg,0
nev00924.jpg,0
nev00925.jpg,0
nev00926.jpg,0
nev00927.jpg,0
nev00928.jpg,0
nev00929.jpg,0
nev00930.jpg,0
nev00931.jpg,0
nev00932.jpg,0
nev00933.jpg,0
nev00934.jpg,0
nev00935.jpg,0
nev00936.jpg,0
nev00937.jpg,0
nev00938.jpg,0
nev00939.jpg,0
nev00940.jpg,0
nev00941.jpg,0
nev00942.jpg,0
nev00943.jpg,0
nev00944.jpg,0
nev00945.jpg,0
nev00946.jpg,0
nev00947.jpg,0
nev00948.jpg,0
nev00949.jpg,0
nev00950.jpg,0
nev00951.jpg,0
nev00952.jpg,0
nev00953.jpg,0
nev00954.jpg,0
nev00955.jpg,0
nev00956.jpg,0
nev00957.jpg,0
nev00958.jpg,0
nev00959.jpg,0
nev00960.jpg,0
nev00961.jpg,0
nev00962.jpg,0
nev00963.jpg,0
nev00964.jpg,0
nev00965.jpg,0
nev00966.jpg,0
nev00967.jpg,0
nev00968.jpg,0
nev00969.jpg,0
nev00970.jpg,0
nev00971.jpg,0
nev00972.jpg,0
nev00973.jpg,0
nev00974.jpg,0
nev00975.jpg,0
nev00976.jpg,0
nev00977.jpg,0
nev00978.jpg,0
nev00979.jpg,0
nev00980.jpg,0
nev00981.jpg,0
nev00982.jpg,0
nev00983.jpg,0
nev00984.jpg,0
nev00985.jpg,0
nev00986.jpg,0
nev00987.jpg,0
nev00988.jpg,0
nev00989.jpg,0
nev00990.jpg,0
nev00991.jpg,0
nev00992.jpg,0
nev00993.jpg,0
nev00994.jpg,0
nev00995.jpg,0
nev00996.jpg,0
nev00997.jpg,0
nev00998.jpg,0
nev00999.jpg,0
nev01000.jpg,0
nev01001.jpg,0
nev01002.jpg,0
nev01003.jpg,0
nev01004.jpg,0
nev01005.jpg,0
nev01006.jpg,0
nev01007.jpg,0
nev01008.jpg,0
nev01009.jpg,0
nev01010.jpg,0
nev01011.jpg,0
nev01012.jpg,0
nev01013.jpg,0
nev01014.jpg,0
nev01015.jpg,0
nev01016.jpg,0
nev01017.jpg,0
nev01018.jpg,0
nev01019.jpg,0
nev01020.jpg,0
nev01021.jpg,0
nev01022.jpg,0
nev01023.jpg,0
nev01024.jpg,0
nev01025.jpg,0
nev01026.jpg,0
nev01027.jpg,0
nev01028.jpg,0
nev01029.jpg,0
nev01030.jpg,0
nev01031.jpg,0
nev01032.jpg,0
nev01033.jpg,0
nev01034.jpg,0
nev01035.jpg,0
nev01036.jpg,0
nev01037.jpg,0
nev01038.jpg,0
nev01039.jpg,0
nev01040.jpg,0
nev01041.jpg,0
nev01042.jpg,0
nev01043.jpg,0
nev01044.jpg,0
nev01045.jpg,0
nev01046.jpg,0
nev01047.jpg,0
nev01048.jpg,0
nev01049.jpg,0
nev01050.jpg,0
nev01051.jpg,0
nev01052.jpg,0
nev01053.jpg,0
nev01054.jpg,0
nev01055.jpg,0
nev01056.jpg,0
nev01057.jpg,0
nev01058.jpg,0
nev01059.jpg,0
nev01060.jpg,0
nev01061.jpg,0
nev01062.jpg,0
nev01063.jpg,0
nev01064.jpg,0
nev01065.jpg,0
nev01066.jpg,0
nev01067.jpg,0
nev01068.jpg,0
nev01069.jpg,0
nev01070.jpg,0
nev01071.jpg,0
nev01072.jpg,0
nev01073.jpg,0
nev01074.jpg,0
nev01075.jpg,0
nev01076.jpg,0
nev01077.jpg,0
nev01078.jpg,0
nev01079.jpg,0
nev01080.jpg,0
nev01081.jpg,0
nev01082.jpg,0
nev01083.jpg,0
nev01084.jpg,0
nev01085.jpg,0
nev01086.jpg,0
nev01087.jpg,0
nev01088.jpg,0
nev01089.jpg,0
nev01090.jpg,0
nev01091.jpg,0
nev01092.jpg,0
nev01093.jpg,0
nev01094.jpg,0
nev01095.jpg,0
nev01096.jpg,0
nev01097.jpg,0
nev01098.jpg,0
nev01099.jpg,0
nev01100.jpg,0
nev01101.jpg,0
nev01102.jpg,0
nev01103.jpg,0
nev01104.jpg,0
nev01105.jpg,0
nev01106.jpg,0
nev01107.jpg,0
nev01108.jpg,0
nev01109.jpg,0
nev01110.jpg,0
nev01111.jpg,0
nev01112.jpg,0
nev01113.jpg,0
nev01114.jpg,0
nev01115.jpg,0
nev01116.jpg,0
nev01117.jpg,0
nev01118.jpg,0
nev01119.jpg,0
nev01120.jpg,0
nev01121.jpg,0
nev01122.jpg,0
nev01123.jpg,0
nev01124.jpg,0
nev01125.jpg,0
nev01126.jpg,0
nev01127.jpg,0
nev01128.jpg,0
nev01129.jpg,0
nev01130.jpg,0
nev01131.jpg,0
nev01132.jpg,0
nev01133.jpg,0
nev01134.jpg,0
nev01135.jpg,0
nev01136.jpg,0
nev01137.jpg,0
nev01138.jpg,0
nev01139.jpg,0
nev01140.jpg,0
nev01141.jpg,0
nev01142.jpg,0
nev01143.jpg,0
nev01144.jpg,0
nev01145.jpg,0
nev01146.jpg,0
nev01147.jpg,0
nev01148.jpg,0
nev01149.jpg,0
nev01150.jpg,0
nev01151.jpg,0
nev01152.jpg,0
nev01153.jpg,0
nev01154.jpg,0
nev01155.jpg,0
nev01156.jpg,0
nev01157.jpg,0
nev01158.jpg,0
nev01159.jpg,0
nev01160.jpg,0
nev01161.jpg,0
nev01162.jpg,0
nev01163.jpg,0
nev01164.jpg,0
nev01165.jpg,0
nev01166.jpg,0
nev01167.jpg,0
nev01168.jpg,0
nev01169.jpg,0
nev01170.jpg,0
nev01171.jpg,0
nev01172.jpg,0
nev01173.jpg,0
nev01174.jpg,0
nev01175.jpg,0
nev01176.jpg,0
nev01177.jpg,0
nev01178.jpg,0
nev01179.jpg,0
nev01180.jpg,0
nev01181.jpg,0
nev01182.jpg,0
nev01183.jpg,0
nev01184.jpg,0
nev01185.jpg,0
nev01186.jpg,0
nev01187.jpg,0
nev01188.jpg,0
nev01189.jpg,0
nev01190.jpg,0
nev01191.jpg,0
nev01192.jpg,0
nev01193.jpg,0
nev01194.jpg,0
nev01195.jpg,0
nev01196.jpg,0
nev01197.jpg,0
nev01198.jpg,0
nev01199.jpg,0
nev01200.jpg,0
nev01201.jpg,0
nev01202.jpg,0
nev01203.jpg,0
nev01204.jpg,0
nev01205.jpg,0
nev01206.jpg,0
nev01207.jpg,0
nev01208.jpg,0
nev01209.jpg,0
nev01210.jpg,0
nev01211.jpg,0
nev01212.jpg,0
nev01213.jpg,0
nev01214.jpg,0
nev01215.jpg,0
nev01216.jpg,0
nev01217.jpg,0
nev01218.jpg,0
nev01219.jpg,0
nev01220.jpg,0
nev01221.jpg,0
nev01222.jpg,0
nev01223.jpg,0
nev01224.jpg,0
nev01225.jpg,0
nev01226.jpg,0
nev01227.jpg,0
nev01228.jpg,0
nev01229.jpg,0
nev01230.jpg,0
nev01231.jpg,0
nev01232.jpg,0
nev01233.jpg,0
nev01234.jpg,0
nev01235.jpg,0
nev01236.jpg,0
nev01237.jpg,0
nev01238.jpg,0
nev01239.jpg,0
nev01240.jpg,0
nev01241.jpg,0
nev01242.jpg,0
nev01243.jpg,0
nev01244.jpg,0
nev01245.jpg,0
nev01246.jpg,0
nev01247.jpg,0
nev01248.jpg,0
nev01249.jpg,0
nev01250.jpg,0
nev01251.jpg,0
nev01252.jpg,0
nev01253.jpg,0
nev01254.jpg,0
nev01255.jpg,0
nev01256.jpg,0
nev01257.jpg,0
nev01258.jpg,0
nev01259.jpg,0
nev01260.jpg,0
nev01261.jpg,0
nev01262.jpg,0
nev01263.jpg,0
nev01264.jpg,0
nev01265.jpg,0
nev01266.jpg,0
nev01267.jpg,0
nev01268.jpg,0
nev01269.jpg,0
nev01270.jpg,0
nev01271.jpg,0
nev01272.jpg,0
nev01273.jpg,0
nev01274.jpg,0
nev01275.jpg,0
nev01276.jpg,0
nev01277.jpg,0
nev01278.jpg,0
nev01279.jpg,0
nev01280.jpg,0
nev01281.jpg,0
nev01282.jpg,0
nev01283.jpg,0
nev01284.jpg,0
nev01285.jpg,0
nev01286.jpg,0
nev01287.jpg,0
nev01288.jpg,0
nev01289.jpg,0
nev01290.jpg,0
nev01291.jpg,0
nev01292.jpg,0
nev01293.jpg,0
nev01294.jpg,0
nev01295.jpg,0
nev01296.jpg,0
nev01297.jpg,0
nev01298.jpg,0
nev01299.jpg,0
nev01300.jpg,0
nev01301.jpg,0
nev01302.jpg,0
nev01303.jpg,0
nev01304.jpg,0
nev01305.jpg,0
nev01306.jpg,0
nev01307.jpg,0
nev01308.jpg,0
nev01309.jpg,0
nev01310.jpg,0
nev01311.jpg,0
nev01312.jpg,0
nev01313.jpg,0
nev01314.jpg,0
nev01315.jpg,0
nev01316.jpg,0
nev01317.jpg,0
nev01318.jpg,0
nev01319.jpg,0
nev01320.jpg,0
nev01321.jpg,0
nev01322.jpg,0
nev01323.jpg,0
nev01324.jpg,0
nev01325.jpg,0
nev01326.jpg,0
nev01327.jpg,0
nev01328.jpg,0
nev01329.jpg,0
nev01330.jpg,0
nev01331.jpg,0
nev01332.jpg,0
nev01333.jpg,0
nev01334.jpg,0
nev01335.jpg,0
nev01336.jpg,0
nev01337.jpg,0
nev01338.jpg,0
nev01339.jpg,0
nev01340.jpg,0
nev01341.jpg,0
nev01342.jpg,0
nev01343.jpg,0
nev01344.jpg,0
nev01345.jpg,0
nev01346.jpg,0
nev01347.jpg,0
nev01348.jpg,0
nev01349.jpg,0
nev01350.jpg,0
nev01351.jpg,0
nev01352.jpg,0
nev01353.jpg,0
nev01354.jpg,0
nev01355.jpg,0
nev01356.jpg,0
nev01357.jpg,0
nev01358.jpg,0
nev01359.jpg,0
nev01360.jpg,0
nev01361.jpg,0
nev01362.jpg,0
nev01363.jpg,0
nev01364.jpg,0
nev01365.jpg,0
nev01366.jpg,0
nev01367.jpg,0
nev01368.jpg,0
nev01369.jpg,0
nev01370.jpg,0
nev01371.jpg,0
nev01372.jpg,0
nev01373.jpg,0
nev01374.jpg,0
nev01375.jpg,0
nev01376.jpg,0
nev01377.jpg,0
nev01378.jpg,0
nev01379.jpg,0
nev01380.jpg,0
nev01381.jpg,0
nev01382.jpg,0
nev01383.jpg,0
nev01384.jpg,0
nev01385.jpg,0
nev01386.jpg,0
nev01387.jpg,0
nev01388.jpg,0
nev01389.jpg,0
nev01390.jpg,0
nev01391.jpg,0
nev01392.jpg,0
nev01393.jpg,0
nev01394.jpg,0
nev01395.jpg,0
nev01396.jpg,0
nev01397.jpg,0
nev01398.jpg,0
nev01399.jpg,0
nev01400.jpg,0
nev01401.jpg,0
nev01402.jpg,0
nev01403.jpg,0
nev01404.jpg,0
nev01405.jpg,0
nev01406.jpg,0
nev01407.jpg,0
nev01408.jpg,0
nev01409.jpg,0
nev01410.jpg,0
nev01411.jpg,0
nev01412.jpg,0
nev01413.jpg,0
nev01414.jpg,0
nev01415.jpg,0
nev01416.jpg,0
nev01417.jpg,0
nev01418.jpg,0
nev01419.jpg,0
nev01420.jpg,0
nev01421.jpg,0
nev01422.jpg,0
nev01423.jpg,0
nev01424.jpg,0
nev01425.jpg,0
nev01426.jpg,0
nev01427.jpg,0
nev01428.jpg,0
nev01429.jpg,0
nev01430.jpg,0
nev01431.jpg,0
nev01432.jpg,0
nev01433.jpg,0
nev01434.jpg,0
nev01435.jpg,0
nev01436.jpg,0
nev01437.jpg,0
nev01438.jpg,0
nev01439.jpg,0
nev01440.jpg,0
nev01441.jpg,0
nev01442.jpg,0
nev01443.jpg,0
nev01444.jpg,0
nev01445.jpg,0
nev01446.jpg,0
nev01447.jpg,0
nev01448.jpg,0
nev01449.jpg,0
nev01450.jpg,0
nev01451.jpg,0
nev01452.jpg,0
nev01453.jpg,0
nev01454.jpg,0
nev01455.jpg,0
nev01456.jpg,0
nev01457.jpg,0
nev01458.jpg,0
nev01459.jpg,0
nev01460.jpg,0
nev01461.jpg,0
nev01462.jpg,0
nev01463.jpg,0
nev01464.jpg,0
nev01465.jpg,0
nev01466.jpg,0
nev01467.jpg,0
nev01468.jpg,0
nev01469.jpg,0
nev01470.jpg,0
nev01471.jpg,0
nev01472.jpg,0
nev01473.jpg,0
nev01474.jpg,0
nev01475.jpg,0
nev01476.jpg,0
nev01477.jpg,0
nev01478.jpg,0
nev01479.jpg,0
nev01480.jpg,0
nev01481.jpg,0
nev01482.jpg,0
nev01483.jpg,0
nev01484.jpg,0
nev01485.jpg,0
nev01486.jpg,0
nev01487.jpg,0
nev01488.jpg,0
nev01489.jpg,0
nev01490.jpg,0
nev01491.jpg,0
nev01492.jpg,0
nev01493.jpg,0
nev01494.jpg,0
nev01495.jpg,0
nev01496.jpg,0
nev01497.jpg,0
nev01498.jpg,0
nev01499.jpg,0
nev01500.jpg,0
nev01501.jpg,0
nev01502.jpg,0
nev01503.jpg,0
nev01504.jpg,0
nev01505.jpg,0
nev01506.jpg,0
nev01507.jpg,0
nev01508.jpg,0
nev01509.jpg,0
nev01510.jpg,0
nev01511.jpg,0
nev01512.jpg,0
nev01513.jpg,0
nev01514.jpg,0
nev01515.jpg,0
nev01516.jpg,0
nev01517.jpg,0
nev01518.jpg,0
nev01519.jpg,0
nev01520.jpg,0
nev01521.jpg,0
nev01522.jpg,0
nev01523.jpg,0
nev01524.jpg,0
nev01525.jpg,0
nev01526.jpg,0
nev01527.jpg,0
nev01528.jpg,0
nev01529.jpg,0
nev01530.jpg,0
nev01531.jpg,0
nev01532.jpg,0
nev01533.jpg,0
nev01534.jpg,0
nev01535.jpg,0
nev01536.jpg,0
nev01537.jpg,0
nev01538.jpg,0
nev01539.jpg,0
nev01540.jpg,0
nev01541.jpg,0
nev01542.jpg,0
nev01543.jpg,0
nev01544.jpg,0
nev01545.jpg,0
nev01546.jpg,0
nev01547.jpg,0
nev01548.jpg,0
nev01549.jpg,0
nev01550.jpg,0
nev01551.jpg,0
nev01552.jpg,0
nev01553.jpg,0
nev01554.jpg,0
nev01555.jpg,0
nev01556.jpg,0
nev01557.jpg,0
nev01558.jpg,0
nev01559.jpg,0
nev01560.jpg,0
nev01561.jpg,0
nev01562.jpg,0
nev01563.jpg,0
nev01564.jpg,0
nev01565.jpg,0
nev01566.jpg,0
nev01567.jpg,0
nev01568.jpg,0
nev01569.jpg,0
nev01570.jpg,0
nev01571.jpg,0
nev01572.jpg,0
nev01573.jpg,0
nev01574.jpg,0
nev01575.jpg,0
nev01576.jpg,0
nev01577.jpg,0
nev01578.jpg,0
nev01579.jpg,0
nev01580.jpg,0
nev01581.jpg,0
nev01582.jpg,0
nev01583.jpg,0
nev01584.jpg,0
nev01585.jpg,0
nev01586.jpg,0
nev01587.jpg,0
nev01588.jpg,0
nev01589.jpg,0
nev01590.jpg,0
nev01591.jpg,0
nev01592.jpg,0
nev01593.jpg,0
nev01594.jpg,0
nev01595.jpg,0
nev01596.jpg,0
nev01597.jpg,0
nev01598.jpg,0
nev01599.jpg,0
nev01600.jpg,0
nev01601.jpg,0
nev01602.jpg,0
nev01603.jpg,0
nev01604.jpg,0
nev01605.jpg,0
nev01606.jpg,0
nev01607.jpg,0
nev01608.jpg,0
nev01609.jpg,0
nev01610.jpg,0
nev01611.jpg,0
nev01612.jpg,0
nev01613.jpg,0
nev01614.jpg,0
nev01615.jpg,0
nev01616.jpg,0
nev01617.jpg,0
nev01618.jpg,0
nev01619.jpg,0
nev01620.jpg,0
nev01621.jpg,0
nev01622.jpg,0
nev01623.jpg,0
nev01624.jpg,0
nev01625.jpg,0
nev01626.jpg,0
nev01627.jpg,0
nev01628.jpg,0
nev01629.jpg,0
nev01630.jpg,0
nev01631.jpg,0
nev01632.jpg,0
nev01633.jpg,0
nev01634.jpg,0
nev01635.jpg,0
nev01636.jpg,0
nev01637.jpg,0
nev01638.jpg,0
nev01639.jpg,0
nev01640.jpg,0
nev01641.jpg,0
nev01642.jpg,0
nev01643.jpg,0
nev01644.jpg,0
nev01645.jpg,0
nev01646.jpg,0
nev01647.jpg,0
nev01648.jpg,0
nev01649.jpg,0
nev01650.jpg,0
nev01651.jpg,0
nev01652.jpg,0
nev01653.jpg,0
nev01654.jpg,0
nev01655.jpg,0
nev01656.jpg,0
nev01657.jpg,0
nev01658.jpg,0
nev01659.jpg,0
nev01660.jpg,0
nev01661.jpg,0
nev01662.jpg,0
nev01663.jpg,0
nev01664.jpg,0
nev01665.jpg,0
nev01666.jpg,0
nev01667.jpg,0
nev01668.jpg,0
nev01669.jpg,0
nev01670.jpg,0
nev01671.jpg,0
nev01672.jpg,0
nev01673.jpg,0
nev01674.jpg,0
nev01675.jpg,0
nev01676.jpg,0
nev01677.jpg,0
nev01678.jpg,0
nev01679.jpg,0
nev01680.jpg,0
nev01681.jpg,0
nev01682.jpg,0
nev01683.jpg,0
nev01684.jpg,0
nev01685.jpg,0
nev01686.jpg,0
nev01687.jpg,0
nev01688.jpg,0
nev01689.jpg,0
nev01690.jpg,0
nev01691.jpg,0
nev01692.jpg,0
nev01693.jpg,0
nev01694.jpg,0
nev01695.jpg,0
nev01696.jpg,0
nev01697.jpg,0
nev01698.jpg,0
nev01699.jpg,0
nev01700.jpg,0
nev01701.jpg,0
nev01702.jpg,0
nev01703.jpg,0
nev01704.jpg,0
nev01705.jpg,0
nev01706.jpg,0
nev01707.jpg,0
nev01708.jpg,0
nev01709.jpg,0
nev01710.jpg,0
nev01711.jpg,0
nev01712.jpg,0
nev01713.jpg,0
nev01714.jpg,0
nev01715.jpg,0
nev01716.jpg,0
nev01717.jpg,0
nev01718.jpg,0
nev01719.jpg,0
nev01720.jpg,0
nev01721.jpg,0
nev01722.jpg,0
nev01723.jpg,0
nev01724.jpg,0
nev01725.jpg,0
nev01726.jpg,0
nev01727.jpg,0
nev01728.jpg,0
nev01729.jpg,0
nev01730.jpg,0
nev01731.jpg,0
nev01732.jpg,0
nev01733.jpg,0
nev01734.jpg,0
nev01735.jpg,0
nev01736.jpg,0
nev01737.jpg,0
nev01738.jpg,0
nev01739.jpg,0
nev01740.jpg,0
nev01741.jpg,0
nev01742.jpg,0
nev01743.jpg,0
nev01744.jpg,0
nev01745.jpg,0
nev01746.jpg,0
nev01747.jpg,0
nev01748.jpg,0
nev01749.jpg,0
nev01750.jpg,0
nev01751.jpg,0
nev01752.jpg,0
nev01753.jpg,0
nev01754.jpg,0
nev01755.jpg,0
nev01756.jpg,0
nev01757.jpg,0
nev01758.jpg,0
nev01759.jpg,0
nev01760.jpg,0
nev01761.jpg,0
nev01762.jpg,0
nev01763.jpg,0
nev01764.jpg,0
nev01765.jpg,0
nev01766.jpg,0
nev01767.jpg,0
nev01768.jpg,0
nev01769.jpg,0
nev01770.jpg,0
nev01771.jpg,0
nev01772.jpg,0
nev01773.jpg,0
nev01774.jpg,0
nev01775.jpg,0
nev01776.jpg,0
nev01777.jpg,0
nev01778.jpg,0
nev01779.jpg,0
nev01780.jpg,0
nev01781.jpg,0
nev01782.jpg,0
nev01783.jpg,0
nev01784.jpg,0
nev01785.jpg,0
nev01786.jpg,0
nev01787.jpg,0
nev01788.jpg,0
nev01789.jpg,0
nev01790.jpg,0
nev01791.jpg,0
nev01792.jpg,0
nev01793.jpg,0
nev01794.jpg,0
nev01795.jpg,0
nev01796.jpg,0
nev01797.jpg,0
nev01798.jpg,0
nev01799.jpg,0
nev01800.jpg,0
nev01801.jpg,0
nev01802.jpg,0
nev01803.jpg,0
nev01804.jpg,0
nev01805.jpg,0
nev01806.jpg,0
nev01807.jpg,0
nev01808.jpg,0
nev01809.jpg,0
nev01810.jpg,0
nev01811.jpg,0
nev01812.jpg,0
nev01813.jpg,0
nev01814.jpg,0
nev01815.jpg,0
nev01816.jpg,0
nev01817.jpg,0
nev01818.jpg,0
nev01819.jpg,0
nev01820.jpg,0
nev01821.jpg,0
nev01822.jpg,0
nev01823.jpg,0
nev01824.jpg,0
nev01825.jpg,0
nev01826.jpg,0
nev01827.jpg,0
nev01828.jpg,0
nev01829.jpg,0
nev01830.jpg,0
nev01831.jpg,0
nev01832.jpg,0
nev01833.jpg,0
nev01834.jpg,0
nev01835.jpg,0
nev01836.jpg,0
nev01837.jpg,0
nev01838.jpg,0
nev01839.jpg,0
nev01840.jpg,0
nev01841.jpg,0
nev01842.jpg,0
nev01843.jpg,0
nev01844.jpg,0
nev01845.jpg,0
nev01846.jpg,0
nev01847.jpg,0
nev01848.jpg,0
nev01849.jpg,0
nev01850.jpg,0
nev01851.jpg,0
nev01852.jpg,0
nev01853.jpg,0
nev01854.jpg,0
nev01855.jpg,0
nev01856.jpg,0
nev01857.jpg,0
nev01858.jpg,0
nev01859.jpg,0
nev01860.jpg,0
nev01861.jpg,0
nev01862.jpg,0
nev01863.jpg,0
nev01864.jpg,0
nev01865.jpg,0
nev01866.jpg,0
nev01867.jpg,0
nev01868.jpg,0
nev01869.jpg,0
nev01870.jpg,0
nev01871.jpg,0
nev01872.jpg,0
nev01873.jpg,0
nev01874.jpg,0
nev01875.jpg,0
nev01876.jpg,0
nev01877.jpg,0
nev01878.jpg,0
nev01879.jpg,0
nev01880.jpg,0
nev01881.jpg,0
nev01882.jpg,0
nev01883.jpg,0
nev01884.jpg,0
nev01885.jpg,0
nev01886.jpg,0
nev01887.jpg,0
nev01888.jpg,0
nev01889.jpg,0
nev01890.jpg,0
nev01891.jpg,0
nev01892.jpg,0
nev01893.jpg,0
nev01894.jpg,0
nev01895.jpg,0
nev01896.jpg,0
nev01897.jpg,0
nev01898.jpg,0
nev01899.jpg,0
nev01900.jpg,0
nev01901.jpg,0
nev01902.jpg,0
nev01903.jpg,0
nev01904.jpg,0
nev01905.jpg,0
nev01906.jpg,0
nev01907.jpg,0
nev01908.jpg,0
nev01909.jpg,0
nev01910.jpg,0
nev01911.jpg,0
nev01912.jpg,0
nev01913.jpg,0
nev01914.jpg,0
nev01915.jpg,0
nev01916.jpg,0
nev01917.jpg,0
nev01918.jpg,0
nev01919.jpg,0
nev01920.jpg,0
nev01921.jpg,0
nev01922.jpg,0
nev01923.jpg,0
nev01924.jpg,0
nev01925.jpg,0
nev01926.jpg,0
nev01927.jpg,0
nev01928.jpg,0
nev01929.jpg,0
nev01930.jpg,0
nev01931.jpg,0
nev01932.jpg,0
nev01933.jpg,0
nev01934.jpg,0
nev01935.jpg,0
nev01936.jpg,0
nev01937.jpg,0
nev01938.jpg,0
nev01939.jpg,0
nev01940.jpg,0
nev01941.jpg,0
nev01942.jpg,0
nev01943.jpg,0
nev01944.jpg,0
nev01945.jpg,0
nev01946.jpg,0
nev01947.jpg,0
nev01948.jpg,0
nev01949.jpg,0
nev01950.jpg,0
nev01951.jpg,0
nev01952.jpg,0
nev01953.jpg,0
nev01954.jpg,0
nev01955.jpg,0
nev01956.jpg,0
nev01957.jpg,0
nev01958.jpg,0
nev01959.jpg,0
nev01960.jpg,0
nev01961.jpg,0
nev01962.jpg,0
nev01963.jpg,0
nev01964.jpg,0
nev01965.jpg,0
nev01966.jpg,0
nev01967.jpg,0
nev01968.jpg,0
nev01969.jpg,0
nev01970.jpg,0
nev01971.jpg,0
nev01972.jpg,0
nev01973.jpg,0
nev01974.jpg,0
nev01975.jpg,0
nev01976.jpg,0
nev01977.jpg,0
nev01978.jpg,0
nev01979.jpg,0
nev01980.jpg,0
nev01981.jpg,0
nev01982.jpg,0
nev01983.jpg,0
nev01984.jpg,0
nev01985.jpg,0
nev01986.jpg,0
nev01987.jpg,0
nev01988.jpg,0
nev01989.jpg,0
nev01990.jpg,0
nev01991.jpg,0
nev01992.jpg,0
nev01993.jpg,0
nev01994.jpg,0
nev01995.jpg,0
nev01996.jpg,0
nev01997.jpg,0
nev01998.jpg,0
nev01999.jpg,0
nev02000.jpg,0
nev02001.jpg,0
nev02002.jpg,0
nev02003.jpg,0
nev02004.jpg,0
nev02005.jpg,0
nev02006.jpg,0
nev02007.jpg,0
nev02008.jpg,0
nev02009.jpg,0
nev02010.jpg,0
nev02011.jpg,0
nev02012.jpg,0
nev02013.jpg,0
nev02014.jpg,0
nev02015.jpg,0
nev02016.jpg,0
nev02017.jpg,0
nev02018.jpg,0
nev02019.jpg,0
nev02020.jpg,0
nev02021.jpg,0
nev02022.jpg,0
nev02023.jpg,0
nev02024.jpg,0
nev02025.jpg,0
nev02026.jpg,0
nev02027.jpg,0
nev02028.jpg,0
nev02029.jpg,0
nev02030.jpg,0
nev02031.jpg,0
nev02032.jpg,0
nev02033.jpg,0
nev02034.jpg,0
nev02035.jpg,0
nev02036.jpg,0
nev02037.jpg,0
nev02038.jpg,0
nev02039.jpg,0
nev02040.jpg,0
nev02041.jpg,0
nev02042.jpg,0
nev02043.jpg,0
nev02044.jpg,0
nev02045.jpg,0
nev02046.jpg,0
nev02047.jpg,0
nev02048.jpg,0
nev02049.jpg,0
nev02050.jpg,0
nev02051.jpg,0
nev02052.jpg,0
nev02053.jpg,0
nev02054.jpg,0
nev02055.jpg,0
nev02056.jpg,0
nev02057.jpg,0
nev02058.jpg,0
nev02059.jpg,0
nev02060.jpg,0
nev02061.jpg,0
nev02062.jpg,0
nev02063.jpg,0
nev02064.jpg,0
nev02065.jpg,0
nev02066.jpg,0
nev02067.jpg,0
nev02068.jpg,0
nev02069.jpg,0
nev02070.jpg,0
nev02071.jpg,0
nev02072.jpg,0
nev02073.jpg,0
nev02074.jpg,0
nev02075.jpg,0
nev02076.jpg,0
nev02077.jpg,0
nev02078.jpg,0
nev02079.jpg,0
nev02080.jpg,0
nev02081.jpg,0
nev02082.jpg,0
nev02083.jpg,0
nev02084.jpg,0
nev02085.jpg,0
nev02086.jpg,0
nev02087.jpg,0
nev02088.jpg,0
nev02089.jpg,0
nev02090.jpg,0
nev02091.jpg,0
nev02092.jpg,0
nev02093.jpg,0
nev02094.jpg,0
nev02095.jpg,0
nev02096.jpg,0
nev02097.jpg,0
nev02098.jpg,0
nev02099.jpg,0
nev02100.jpg,0
nev02101.jpg,0
nev02102.jpg,0
nev02103.jpg,0
nev02104.jpg,0
nev02105.jpg,0
nev02106.jpg,0
nev02107.jpg,0
nev02108.jpg,0
nev02109.jpg,0
nev02110.jpg,0
nev02111.jpg,0
nev02112.jpg,0
nev02113.jpg,0
nev02114.jpg,0
nev02115.jpg,0
nev02116.jpg,0
nev02117.jpg,0
nev02118.jpg,0
nev02119.jpg,0
nev02120.jpg,0
nev02121.jpg,0
nev02122.jpg,0
nev02123.jpg,0
nev02124.jpg,0
nev02125.jpg,0
nev02126.jpg,0
nev02127.jpg,0
nev02128.jpg,0
nev02129.jpg,0
nev02130.jpg,0
nev02131.jpg,0
nev02132.jpg,0
nev02133.jpg,0
nev02134.jpg,0
nev02135.jpg,0
nev02136.jpg,0
nev02137.jpg,0
nev02138.jpg,0
nev02139.jpg,0
nev02140.jpg,0
nev02141.jpg,0
nev02142.jpg,0
nev02143.jpg,0
nev02144.jpg,0
nev02145.jpg,0
nev02146.jpg,0
nev02147.jpg,0
nev02148.jpg,0
nev02149.jpg,0
nev02150.jpg,0
nev02151.jpg,0
nev02152.jpg,0
nev02153.jpg,0
nev02154.jpg,0
nev02155.jpg,0
nev02156.jpg,0
nev02157.jpg,0
nev02158.jpg,0
nev02159.jpg,0
nev02160.jpg,0
nev02161.jpg,0
nev02162.jpg,0
nev02163.jpg,0
nev02164.jpg,0
nev02165.jpg,0
nev02166.jpg,0
nev02167.jpg,0
nev02168.jpg,0
nev02169.jpg,0
nev02170.jpg,0
nev02171.jpg,0
nev02172.jpg,0
nev02173.jpg,0
nev02174.jpg,0
nev02175.jpg,0
nev02176.jpg,0
nev02177.jpg,0
nev02178.jpg,0
nev02179.jpg,0
nev02180.jpg,0
nev02181.jpg,0
nev02182.jpg,0
nev02183.jpg,0
nev02184.jpg,0
nev02185.jpg,0
nev02186.jpg,0
nev02187.jpg,0
nev02188.jpg,0
nev02189.jpg,0
nev02190.jpg,0
nev02191.jpg,0
nev02192.jpg,0
nev02193.jpg,0
nev02194.jpg,0
nev02195.jpg,0
nev02196.jpg,0
nev02197.jpg,0
nev02198.jpg,0
nev02199.jpg,0
nev02200.jpg,0
nev02201.jpg,0
nev02202.jpg,0
nev02203.jpg,0
nev02204.jpg,0
nev02205.jpg,0
nev02206.jpg,0
nev02207.jpg,0
nev02208.jpg,0
nev02209.jpg,0
nev02210.jpg,0
nev02211.jpg,0
nev02212.jpg,0
nev02213.jpg,0
nev02214.jpg,0
nev02215.jpg,0
nev02216.jpg,0
nev02217.jpg,0
nev02218.jpg,0
nev02219.jpg,0
nev02220.jpg,0
nev02221.jpg,0
nev02222.jpg,0
nev02223.jpg,0
nev02224.jpg,0
nev02225.jpg,0
nev02226.jpg,0
nev02227.jpg,0
nev02228.jpg,0
nev02229.jpg,0
nev02230.jpg,0
nev02231.jpg,0
nev02232.jpg,0
nev02233.jpg,0
nev02234.jpg,0
nev02235.jpg,0
nev02236.jpg,0
nev02237.jpg,0
nev02238.jpg,0
nev02239.jpg,0
nev02240.jpg,0
nev02241.jpg,0
nev02242.jpg,0
nev02243.jpg,0
nev02244.jpg,0
nev02245.jpg,0
nev02246.jpg,0
nev02247.jpg,0
nev02248.jpg,0
nev02249.jpg,0
nev02250.jpg,0
nev02251.jpg,0
nev02252.jpg,0
nev02253.jpg,0
nev02254.jpg,0
nev02255.jpg,0
nev02256.jpg,0
nev02257.jpg,0
nev02258.jpg,0
nev02259.jpg,0
nev02260.jpg,0
nev02261.jpg,0
nev02262.jpg,0
nev02263.jpg,0
nev02264.jpg,0
nev02265.jpg,0
nev02266.jpg,0
nev02267.jpg,0
nev02268.jpg,0
nev02269.jpg,0
nev02270.jpg,0
nev02271.jpg,0
nev02272.jpg,0
nev02273.jpg,0
nev02274.jpg,0
nev02275.jpg,0
nev02276.jpg,0
nev02277.jpg,0
nev02278.jpg,0
nev02279.jpg,0
nev02280.jpg,0
nev02281.jpg,0
nev02282.jpg,0
nev02283.jpg,0
nev02284.jpg,0
nev02285.jpg,0
nev02286.jpg,0
nev02287.jpg,0
nev02288.jpg,0
nev02289.jpg,0
nev02290.jpg,0
nev02291.jpg,0
nev02292.jpg,0
nev02293.jpg,0
nev02294.jpg,0
nev02295.jpg,0
nev02296.jpg,0
nev02297.jpg,0
nev02298.jpg,0
nev02299.jpg,0
nev02300.jpg,0
nev02301.jpg,0
nev02302.jpg,0
nev02303.jpg,0
nev02304.jpg,0
nev02305.jpg,0
nev02306.jpg,0
nev02307.jpg,0
nev02308.jpg,0
nev02309.jpg,0
nev02310.jpg,0
nev02311.jpg,0
nev02312.jpg,0
nev02313.jpg,0
nev02314.jpg,0
nev02315.jpg,0
nev02316.jpg,0
nev02317.jpg,0
nev02318.jpg,0
nev02319.jpg,0
nev02320.jpg,0
nev02321.jpg,0
nev02322.jpg,0
nev02323.jpg,0
nev02324.jpg,0
nev02325.jpg,0
nev02326.jpg,0
nev02327.jpg,0
nev02328.jpg,0
nev02329.jpg,0
nev02330.jpg,0
nev02331.jpg,0
nev02332.jpg,0
nev02333.jpg,0
nev02334.jpg,0
nev02335.jpg,0
nev02336.jpg,0
nev02337.jpg,0
nev02338.jpg,0
nev02339.jpg,0
nev02340.jpg,0
nev02341.jpg,0
nev02342.jpg,0
nev02343.jpg,0
nev02344.jpg,0
nev02345.jpg,0
nev02346.jpg,0
nev02347.jpg,0
nev02348.jpg,0
nev02349.jpg,0
nev02350.jpg,0
nev02351.jpg,0
nev02352.jpg,0
nev02353.jpg,0
nev02354.jpg,0
nev02355.jpg,0
nev02356.jpg,0
nev02357.jpg,0
nev02358.jpg,0
nev02359.jpg,0
nev02360.jpg,0
nev02361.jpg,0
nev02362.jpg,0
nev02363.jpg,0
nev02364.jpg,0
nev02365.jpg,0
nev02366.jpg,0
nev02367.jpg,0
nev02368.jpg,0
nev02369.jpg,0
nev02370.jpg,0
nev02371.jpg,0
nev02372.jpg,0
nev02373.jpg,0
nev02374.jpg,0
nev02375.jpg,0
nev02376.jpg,0
nev02377.jpg,0
nev02378.jpg,0
nev02379.jpg,0
nev02380.jpg,0
nev02381.jpg,0
nev02382.jpg,0
nev02383.jpg,0
nev02384.jpg,0
nev02385.jpg,0
nev02386.jpg,0
nev02387.jpg,0
nev02388.jpg,0
nev02389.jpg,0
nev02390.jpg,0
nev02391.jpg,0
nev02392.jpg,0
nev02393.jpg,0
nev02394.jpg,0
nev02395.jpg,0
nev02396.jpg,0
nev02397.jpg,0
nev02398.jpg,0
nev02399.jpg,0
nev02400.jpg,0
nev02401.jpg,0
nev02402.jpg,0
nev02403.jpg,0
nev02404.jpg,0
nev02405.jpg,0
nev02406.jpg,0
nev02407.jpg,0
nev02408.jpg,0
nev02409.jpg,0
nev02410.jpg,0
nev02411.jpg,0
nev02412.jpg,0
nev02413.jpg,0
nev02414.jpg,0
nev02415.jpg,0
nev02416.jpg,0
nev02417.jpg,0
nev02418.jpg,0
nev02419.jpg,0
nev02420.jpg,0
nev02421.jpg,0
nev02422.jpg,0
nev02423.jpg,0
nev02424.jpg,0
nev02425.jpg,0
nev02426.jpg,0
nev02427.jpg,0
nev02428.jpg,0
nev02429.jpg,0
nev02430.jpg,0
nev02431.jpg,0
nev02432.jpg,0
nev02433.jpg,0
nev02434.jpg,0
nev02435.jpg,0
nev02436.jpg,0
nev02437.jpg,0
nev02438.jpg,0
nev02439.jpg,0
nev02440.jpg,0
nev02441.jpg,0
nev02442.jpg,0
nev02443.jpg,0
nev02444.jpg,0
nev02445.jpg,0
nev02446.jpg,0
nev02447.jpg,0
nev02448.jpg,0
nev02449.jpg,0
nev02450.jpg,0
nev02451.jpg,0
nev02452.jpg,0
nev02453.jpg,0
nev02454.jpg,0
nev02455.jpg,0
nev02456.jpg,0
nev02457.jpg,0
nev02458.jpg,0
nev02459.jpg,0
nev02460.jpg,0
nev02461.jpg,0
nev02462.jpg,0
nev02463.jpg,0
nev02464.jpg,0
nev02465.jpg,0
nev02466.jpg,0
nev02467.jpg,0
nev02468.jpg,0
nev02469.jpg,0
nev02470.jpg,0
nev02471.jpg,0
nev02472.jpg,0
nev02473.jpg,0
nev02474.jpg,0
nev02475.jpg,0
nev02476.jpg,0
nev02477.jpg,0
nev02478.jpg,0
nev02479.jpg,0
nev02480.jpg,0
nev02481.jpg,0
nev02482.jpg,0
nev02483.jpg,0
nev02484.jpg,0
nev02485.jpg,0
nev02486.jpg,0
nev02487.jpg,0
nev02488.jpg,0
nev02489.jpg,0
nev02490.jpg,0
nev02491.jpg,0
nev02492.jpg,0
nev02493.jpg,0
nev02494.jpg,0
nev02495.jpg,0
nev02496.jpg,0
nev02497.jpg,0
nev02498.jpg,0
nev02499.jpg,0
nev02500.jpg,0
nev02501.jpg,0
nev02502.jpg,0
nev02503.jpg,0
nev02504.jpg,0
nev02505.jpg,0
nev02506.jpg,0
nev02507.jpg,0
nev02508.jpg,0
nev02509.jpg,0
nev02510.jpg,0
nev02511.jpg,0
nev02512.jpg,0
nev02513.jpg,0
nev02514.jpg,0
nev02515.jpg,0
nev02516.jpg,0
nev02517.jpg,0
nev02518.jpg,0
nev02519.jpg,0
nev02520.jpg,0
nev02521.jpg,0
nev02522.jpg,0
nev02523.jpg,0
nev02524.jpg,0
nev02525.jpg,0
nev02526.jpg,0
nev02527.jpg,0
nev02528.jpg,0
nev02529.jpg,0
nev02530.jpg,0
nev02531.jpg,0
nev02532.jpg,0
nev02533.jpg,0
nev02534.jpg,0
nev02535.jpg,0
nev02536.jpg,0
nev02537.jpg,0
nev02538.jpg,0
nev02539.jpg,0
nev02540.jpg,0
nev02541.jpg,0
nev02542.jpg,0
nev02543.jpg,0
nev02544.jpg,0
nev02545.jpg,0
nev02546.jpg,0
nev02547.jpg,0
nev02548.jpg,0
nev02549.jpg,0
nev02550.jpg,0
nev02551.jpg,0
nev02552.jpg,0
nev02553.jpg,0
nev02554.jpg,0
nev02555.jpg,0
nev02556.jpg,0
nev02557.jpg,0
nev02558.jpg,0
nev02559.jpg,0
nev02560.jpg,0
nev02561.jpg,0
nev02562.jpg,0
nev02563.jpg,0
nev02564.jpg,0
nev02565.jpg,0
nev02566.jpg,0
nev02567.jpg,0
nev02568.jpg,0
nev02569.jpg,0
nev02570.jpg,0
nev02571.jpg,0
nev02572.jpg,0
nev02573.jpg,0
nev02574.jpg,0
nev02575.jpg,0
nev02576.jpg,0
nev02577.jpg,0
nev02578.jpg,0
nev02579.jpg,0
nev02580.jpg,0
nev02581.jpg,0
nev02582.jpg,0
nev02583.jpg,0
nev02584.jpg,0
nev02585.jpg,0
nev02586.jpg,0
nev02587.jpg,0
nev02588.jpg,0
nev02589.jpg,0
nev02590.jpg,0
nev02591.jpg,0
nev02592.jpg,0
nev02593.jpg,0
nev02594.jpg,0
nev02595.jpg,0
nev02596.jpg,0
nev02597.jpg,0
nev02598.jpg,0
nev02599.jpg,0
nev02600.jpg,0
nev02601.jpg,0
nev02602.jpg,0
nev02603.jpg,0
nev02604.jpg,0
nev02605.jpg,0
nev02606.jpg,0
nev02607.jpg,0
nev02608.jpg,0
nev02609.jpg,0
nev02610.jpg,0
nev02611.jpg,0
nev02612.jpg,0
nev02613.jpg,0
nev02614.jpg,0
nev02615.jpg,0
nev02616.jpg,0
nev02617.jpg,0
nev02618.jpg,0
nev02619.jpg,0
nev02620.jpg,0
nev02621.jpg,0
nev02622.jpg,0
nev02623.jpg,0
nev02624.jpg,0
nev02625.jpg,0
nev02626.jpg,0
nev02627.jpg,0
nev02628.jpg,0
nev02629.jpg,0
nev02630.jpg,0
nev02631.jpg,0
nev02632.jpg,0
nev02633.jpg,0
nev02634.jpg,0
nev02635.jpg,0
nev02636.jpg,0
nev02637.jpg,0
nev02638.jpg,0
nev02639.jpg,0
nev02640.jpg,0
nev02641.jpg,0
nev02642.jpg,0
nev02643.jpg,0
nev02644.jpg,0
nev02645.jpg,0
nev02646.jpg,0
nev02647.jpg,0
nev02648.jpg,0
nev02649.jpg,0
nev02650.jpg,0
nev02651.jpg,0
nev02652.jpg,0
nev02653.jpg,0
nev02654.jpg,0
nev02655.jpg,0
nev02656.jpg,0
nev02657.jpg,0
nev02658.jpg,0
nev02659.jpg,0
nev02660.jpg,0
nev02661.jpg,0
nev02662.jpg,0
nev02663.jpg,0
nev02664.jpg,0
nev02665.jpg,0
nev02666.jpg,0
nev02667.jpg,0
nev02668.jpg,0
nev02669.jpg,0
nev02670.jpg,0
nev02671.jpg,0
nev02672.jpg,0
nev02673.jpg,0
nev02674.jpg,0
nev02675.jpg,0
nev02676.jpg,0
nev02677.jpg,0
nev02678.jpg,0
nev02679.jpg,0
nev02680.jpg,0
nev02681.jpg,0
nev02682.jpg,0
nev02683.jpg,0
nev02684.jpg,0
nev02685.jpg,0
nev02686.jpg,0
nev02687.jpg,0
nev02688.jpg,0
nev02689.jpg,0
nev02690.jpg,0
nev02691.jpg,0
nev02692.jpg,0
nev02693.jpg,0
nev02694.jpg,0
nev02695.jpg,0
nev02696.jpg,0
nev02697.jpg,0
nev02698.jpg,0
nev02699.jpg,0
nev02700.jpg,0
nev02701.jpg,0
nev02702.jpg,0
nev02703.jpg,0
nev02704.jpg,0
nev02705.jpg,0
nev02706.jpg,0
nev02707.jpg,0
nev02708.jpg,0
nev02709.jpg,0
nev02710.jpg,0
nev02711.jpg,0
nev02712.jpg,0
nev02713.jpg,0
nev02714.jpg,0
nev02715.jpg,0
nev02716.jpg,0
nev02717.jpg,0
nev02718.jpg,0
nev02719.jpg,0
nev02720.jpg,0
nev02721.jpg,0
nev02722.jpg,0
nev02723.jpg,0
nev02724.jpg,0
nev02725.jpg,0
nev02726.jpg,0
nev02727.jpg,0
nev02728.jpg,0
nev02729.jpg,0
nev02730.jpg,0
nev02731.jpg,0
nev02732.jpg,0
nev02733.jpg,0
nev02734.jpg,0
nev02735.jpg,0
nev02736.jpg,0
nev02737.jpg,0
nev02738.jpg,0
nev02739.jpg,0
nev02740.jpg,0
nev02741.jpg,0
nev02742.jpg,0
nev02743.jpg,0
nev02744.jpg,0
nev02745.jpg,0
nev02746.jpg,0
nev02747.jpg,0
nev02748.jpg,0
nev02749.jpg,0
nev02750.jpg,0
nev02751.jpg,0
nev02752.jpg,0
nev02753.jpg,0
nev02754.jpg,0
nev02755.jpg,0
nev02756.jpg,0
nev02757.jpg,0
nev02758.jpg,0
nev02759.jpg,0
nev02760.jpg,0
nev02761.jpg,0
nev02762.jpg,0
nev02763.jpg,0
nev02764.jpg,0
nev02765.jpg,0
nev02766.jpg,0
nev02767.jpg,0
nev02768.jpg,0
nev02769.jpg,0
nev02770.jpg,0
nev02771.jpg,0
nev02772.jpg,0
nev02773.jpg,0
nev02774.jpg,0
nev02775.jpg,0
nev02776.jpg,0
nev02777.jpg,0
nev02778.jpg,0
nev02779.jpg,0
nev02780.jpg,0
nev02781.jpg,0
nev02782.jpg,0
nev02783.jpg,0
nev02784.jpg,0
nev02785.jpg,0
nev02786.jpg,0
nev02787.jpg,0
nev02788.jpg,0
nev02789.jpg,0
nev02790.jpg,0
nev02791.jpg,0
nev02792.jpg,0
nev02793.jpg,0
nev02794.jpg,0
nev02795.jpg,0
nev02796.jpg,0
nev02797.jpg,0
nev02798.jpg,0
nev02799.jpg,0
nev02800.jpg,0
nev02801.jpg,0
nev02802.jpg,0
nev02803.jpg,0
nev02804.jpg,0
nev02805.jpg,0
nev02806.jpg,0
nev02807.jpg,0
nev02808.jpg,0
nev02809.jpg,0
nev02810.jpg,0
nev02811.jpg,0
nev02812.jpg,0
nev02813.jpg,0
nev02814.jpg,0
nev02815.jpg,0
nev02816.jpg,0
nev02817.jpg,0
nev02818.jpg,0
nev02819.jpg,0
nev02820.jpg,0
nev02821.jpg,0
nev02822.jpg,0
nev02823.jpg,0
nev02824.jpg,0
nev02825.jpg,0
nev02826.jpg,0
nev02827.jpg,0
nev02828.jpg,0
nev02829.jpg,0
nev02830.jpg,0
nev02831.jpg,0
nev02832.jpg,0
nev02833.jpg,0
nev02834.jpg,0
nev02835.jpg,0
nev02836.jpg,0
nev02837.jpg,0
nev02838.jpg,0
nev02839.jpg,0
nev02840.jpg,0
nev02841.jpg,0
nev02842.jpg,0
nev02843.jpg,0
nev02844.jpg,0
nev02845.jpg,0
nev02846.jpg,0
nev02847.jpg,0
nev02848.jpg,0
nev02849.jpg,0
nev02850.jpg,0
nev02851.jpg,0
nev02852.jpg,0
nev02853.jpg,0
nev02854.jpg,0
nev02855.jpg,0
nev02856.jpg,0
nev02857.jpg,0
nev02858.jpg,0
nev02859.jpg,0
nev02860.jpg,0
nev02861.jpg,0
nev02862.jpg,0
nev02863.jpg,0
nev02864.jpg,0
nev02865.jpg,0
nev02866.jpg,0
nev02867.jpg,0
nev02868.jpg,0
nev02869.jpg,0
nev02870.jpg,0
nev02871.jpg,0
nev02872.jpg,0
nev02873.jpg,0
nev02874.jpg,0
nev02875.jpg,0
nev02876.jpg,0
nev02877.jpg,0
nev02878.jpg,0
nev02879.jpg,0
nev02880.jpg,0
nev02881.jpg,0
nev02882.jpg,0
nev02883.jpg,0
nev02884.jpg,0
nev02885.jpg,0
nev02886.jpg,0
nev02887.jpg,0
nev02888.jpg,0
nev02889.jpg,0
nev02890.jpg,0
nev02891.jpg,0
nev02892.jpg,0
nev02893.jpg,0
nev02894.jpg,0
nev02895.jpg,0
nev02896.jpg,0
nev02897.jpg,0
nev02898.jpg,0
nev02899.jpg,0
nev02900.jpg,0
nev02901.jpg,0
nev02902.jpg,0
nev02903.jpg,0
nev02904.jpg,0
nev02905.jpg,0
nev02906.jpg,0
nev02907.jpg,0
nev02908.jpg,0
nev02909.jpg,0
nev02910.jpg,0
nev02911.jpg,0
nev02912.jpg,0
nev02913.jpg,0
nev02914.jpg,0
nev02915.jpg,0
nev02916.jpg,0
nev02917.jpg,0
nev02918.jpg,0
nev02919.jpg,0
nev02920.jpg,0
nev02921.jpg,0
nev02922.jpg,0
nev02923.jpg,0
nev02924.jpg,0
nev02925.jpg,0
nev02926.jpg,0
nev02927.jpg,0
nev02928.jpg,0
nev02929.jpg,0
nev02930.jpg,0
nev02931.jpg,0
nev02932.jpg,0
nev02933.jpg,0
nev02934.jpg,0
nev02935.jpg,0
nev02936.jpg,0
nev02937.jpg,0
nev02938.jpg,0
nev02939.jpg,0
nev02940.jpg,0
nev02941.jpg,0
nev02942.jpg,0
nev02943.jpg,0
nev02944.jpg,0
nev02945.jpg,0
nev02946.jpg,0
nev02947.jpg,0
nev02948.jpg,0
nev02949.jpg,0
nev02950.jpg,0
nev02951.jpg,0
nev02952.jpg,0
nev02953.jpg,0
nev02954.jpg,0
nev02955.jpg,0
nev02956.jpg,0
nev02957.jpg,0
nev02958.jpg,0
nev02959.jpg,0
nev02960.jpg,0
nev02961.jpg,0
nev02962.jpg,0
nev02963.jpg,0
nev02964.jpg,0
nev02965.jpg,0
nev02966.jpg,0
nev02967.jpg,0
nev02968.jpg,0
nev02969.jpg,0
nev02970.jpg,0
nev02971.jpg,0
nev02972.jpg,0
nev02973.jpg,0
nev02974.jpg,0
nev02975.jpg,0
nev02976.jpg,0
nev02977.jpg,0
nev02978.jpg,0
nev02979.jpg,0
nev02980.jpg,0
nev02981.jpg,0
nev02982.jpg,0
nev02983.jpg,0
nev02984.jpg,0
nev02985.jpg,0
nev02986.jpg,0
nev02987.jpg,0
nev02988.jpg,0
nev02989.jpg,0
nev02990.jpg,0
nev02991.jpg,0
nev02992.jpg,0
nev02993.jpg,0
nev02994.jpg,0
nev02995.jpg,0
nev02996.jpg,0
nev02997.jpg,0
nev02998.jpg,0
nev02999.jpg,0
nev03000.jpg,0
nev03001.jpg,0
nev03002.jpg,0
nev03003.jpg,0
nev03004.jpg,0
nev03005.jpg,0
nev03006.jpg,0
nev03007.jpg,0
nev03008.jpg,0
nev03009.jpg,0
nev03010.jpg,0
nev03011.jpg,0
nev03012.jpg,0
nev03013.jpg,0
nev03014.jpg,0
nev03015.jpg,0
nev03016.jpg,0
nev03017.jpg,0
nev03018.jpg,0
nev03019.jpg,0
nev03020.jpg,0
nev03021.jpg,0
nev03022.jpg,0
nev03023.jpg,0
nev03024.jpg,0
nev03025.jpg,0
nev03026.jpg,0
nev03027.jpg,0
nev03028.jpg,0
nev03029.jpg,0
nev03030.jpg,0
nev03031.jpg,0
nev03032.jpg,0
nev03033.jpg,0
nev03034.jpg,0
nev03035.jpg,0
nev03036.jpg,0
nev03037.jpg,0
nev03038.jpg,0
nev03039.jpg,0
nev03040.jpg,0
nev03041.jpg,0
nev03042.jpg,0
nev03043.jpg,0
nev03044.jpg,0
nev03045.jpg,0
nev03046.jpg,0
nev03047.jpg,0
nev03048.jpg,0
nev03049.jpg,0
nev03050.jpg,0
nev03051.jpg,0
nev03052.jpg,0
nev03053.jpg,0
nev03054.jpg,0
nev03055.jpg,0
nev03056.jpg,0
nev03057.jpg,0
nev03058.jpg,0
nev03059.jpg,0
nev03060.jpg,0
nev03061.jpg,0
nev03062.jpg,0
nev03063.jpg,0
nev03064.jpg,0
nev03065.jpg,0
nev03066.jpg,0
nev03067.jpg,0
nev03068.jpg,0
nev03069.jpg,0
nev03070.jpg,0
nev03071.jpg,0
nev03072.jpg,0
nev03073.jpg,0
nev03074.jpg,0
nev03075.jpg,0
nev03076.jpg,0
nev03077.jpg,0
nev03078.jpg,0
nev03079.jpg,0
nev03080.jpg,0
nev03081.jpg,0
nev03082.jpg,0
nev03083.jpg,0
nev03084.jpg,0
nev03085.jpg,0
nev03086.jpg,0
nev03087.jpg,0
nev03088.jpg,0
nev03089.jpg,0
nev03090.jpg,0
nev03091.jpg,0
nev03092.jpg,0
nev03093.jpg,0
nev03094.jpg,0
nev03095.jpg,0
nev03096.jpg,0
nev03097.jpg,0
nev03098.jpg,0
nev03099.jpg,0
nev03100.jpg,0
nev03101.jpg,0
nev03102.jpg,0
nev03103.jpg,0
nev03104.jpg,0
nev03105.jpg,0
nev03106.jpg,0
nev03107.jpg,0
nev03108.jpg,0
nev03109.jpg,0
nev03110.jpg,0
nev03111.jpg,0
nev03112.jpg,0
nev03113.jpg,0
nev03114.jpg,0
nev03115.jpg,0
nev03116.jpg,0
nev03117.jpg,0
nev03118.jpg,0
nev03119.jpg,0
nev03120.jpg,0
nev03121.jpg,0
nev03122.jpg,0
nev03123.jpg,0
nev03124.jpg,0
nev03125.jpg,0
nev03126.jpg,0
nev03127.jpg,0
nev03128.jpg,0
nev03129.jpg,0
nev03130.jpg,0
nev03131.jpg,0
nev03132.jpg,0
nev03133.jpg,0
nev03134.jpg,0
nev03135.jpg,0
nev03136.jpg,0
nev03137.jpg,0
nev03138.jpg,0
nev03139.jpg,0
nev03140.jpg,0
nev03141.jpg,0
nev03142.jpg,0
nev03143.jpg,0
nev03144.jpg,0
nev03145.jpg,0
nev03146.jpg,0
nev03147.jpg,0
nev03148.jpg,0
nev03149.jpg,0
nev03150.jpg,0
nev03151.jpg,0
nev03152.jpg,0
nev03153.jpg,0
nev03154.jpg,0
nev03155.jpg,0
nev03156.jpg,0
nev03157.jpg,0
nev03158.jpg,0
nev03159.jpg,0
nev03160.jpg,0
nev03161.jpg,0
nev03162.jpg,0
nev03163.jpg,0
nev03164.jpg,0
nev03165.jpg,0
nev03166.jpg,0
nev03167.jpg,0
nev03168.jpg,0
nev03169.jpg,0
nev03170.jpg,0
nev03171.jpg,0
nev03172.jpg,0
nev03173.jpg,0
nev03174.jpg,0
nev03175.jpg,0
nev03176.jpg,0
nev03177.jpg,0
nev03178.jpg,0
nev03179.jpg,0
nev03180.jpg,0
nev03181.jpg,0
nev03182.jpg,0
nev03183.jpg,0
nev03184.jpg,0
nev03185.jpg,0
nev03186.jpg,0
nev03187.jpg,0
nev03188.jpg,0
nev03189.jpg,0
nev03190.jpg,0
nev03191.jpg,0
nev03192.jpg,0
nev03193.jpg,0
nev03194.jpg,0
nev03195.jpg,0
nev03196.jpg,0
nev03197.jpg,0
nev03198.jpg,0
nev03199.jpg,0
nev03200.jpg,0
nev03201.jpg,0
nev03202.jpg,0
nev03203.jpg,0
nev03204.jpg,0
nev03205.jpg,0
nev03206.jpg,0
nev03207.jpg,0
nev03208.jpg,0
nev03209.jpg,0
nev03210.jpg,0
nev03211.jpg,0
nev03212.jpg,0
nev03213.jpg,0
nev03214.jpg,0
nev03215.jpg,0
nev03216.jpg,0
nev03217.jpg,0
nev03218.jpg,0
nev03219.jpg,0
nev03220.jpg,0
nev03221.jpg,0
nev03222.jpg,0
nev03223.jpg,0
nev03224.jpg,0
nev03225.jpg,0
nev03226.jpg,0
nev03227.jpg,0
nev03228.jpg,0
nev03229.jpg,0
nev03230.jpg,0
nev03231.jpg,0
nev03232.jpg,0
nev03233.jpg,0
nev03234.jpg,0
nev03235.jpg,0
nev03236.jpg,0
nev03237.jpg,0
nev03238.jpg,0
nev03239.jpg,0
nev03240.jpg,0
nev03241.jpg,0
nev03242.jpg,0
nev03243.jpg,0
nev03244.jpg,0
nev03245.jpg,0
nev03246.jpg,0
nev03247.jpg,0
nev03248.jpg,0
nev03249.jpg,0
nev03250.jpg,0
nev03251.jpg,0
nev03252.jpg,0
nev03253.jpg,0
nev03254.jpg,0
nev03255.jpg,0
nev03256.jpg,0
nev03257.jpg,0
nev03258.jpg,0
nev03259.jpg,0
nev03260.jpg,0
nev03261.jpg,0
nev03262.jpg,0
nev03263.jpg,0
nev03264.jpg,0
nev03265.jpg,0
nev03266.jpg,0
nev03267.jpg,0
nev03268.jpg,0
nev03269.jpg,0
nev03270.jpg,0
nev03271.jpg,0
nev03272.jpg,0
nev03273.jpg,0
nev03274.jpg,0
nev03275.jpg,0
nev03276.jpg,0
nev03277.jpg,0
nev03278.jpg,0
nev03279.jpg,0
nev03280.jpg,0
nev03281.jpg,0
nev03282.jpg,0
nev03283.jpg,0
nev03284.jpg,0
nev03285.jpg,0
nev03286.jpg,0
nev03287.jpg,0
nev03288.jpg,0
nev03289.jpg,0
nev03290.jpg,0
nev03291.jpg,0
nev03292.jpg,0
nev03293.jpg,0
nev03294.jpg,0
nev03295.jpg,0
nev03296.jpg,0
nev03297.jpg,0
nev03298.jpg,0
nev03299.jpg,0
nev03300.jpg,0
nev03301.jpg,0
nev03302.jpg,0
nev03303.jpg,0
nev03304.jpg,0
nev03305.jpg,0
nev03306.jpg,0
nev03307.jpg,0
nev03308.jpg,0
nev03309.jpg,0
nev03310.jpg,0
nev03311.jpg,0
nev03312.jpg,0
nev03313.jpg,0
nev03314.jpg,0
nev03315.jpg,0
nev03316.jpg,0
nev03317.jpg,0
nev03318.jpg,0
nev03319.jpg,0
nev03320.jpg,0
nev03321.jpg,0
nev03322.jpg,0
nev03323.jpg,0
nev03324.jpg,0
nev03325.jpg,0
nev03326.jpg,0
nev03327.jpg,0
nev03328.jpg,0
nev03329.jpg,0
nev03330.jpg,0
nev03331.jpg,0
nev03332.jpg,0
nev03333.jpg,0
nev03334.jpg,0
nev03335.jpg,0
nev03336.jpg,0
nev03337.jpg,0
nev03338.jpg,0
nev03339.jpg,0
nev03340.jpg,0
nev03341.jpg,0
nev03342.jpg,0
nev03343.jpg,0
nev03344.jpg,0
nev03345.jpg,0
nev03346.jpg,0
nev03347.jpg,0
nev03348.jpg,0
nev03349.jpg,0
nev03350.jpg,0
nev03351.jpg,0
nev03352.jpg,0
nev03353.jpg,0
nev03354.jpg,0
nev03355.jpg,0
nev03356.jpg,0
nev03357.jpg,0
nev03358.jpg,0
nev03359.jpg,0
nev03360.jpg,0
nev03361.jpg,0
nev03362.jpg,0
nev03363.jpg,0
nev03364.jpg,0
nev03365.jpg,0
nev03366.jpg,0
nev03367.jpg,0
nev03368.jpg,0
nev03369.jpg,0
nev03370.jpg,0
nev03371.jpg,0
nev03372.jpg,0
nev03373.jpg,0
nev03374.jpg,0
nev03375.jpg,0
nev03376.jpg,0
nev03377.jpg,0
nev03378.jpg,0
nev03379.jpg,0
nev03380.jpg,0
nev03381.jpg,0
nev03382.jpg,0
nev03383.jpg,0
nev03384.jpg,0
nev03385.jpg,0
nev03386.jpg,0
nev03387.jpg,0
nev03388.jpg,0
nev03389.jpg,0
nev03390.jpg,0
nev03391.jpg,0
nev03392.jpg,0
nev03393.jpg,0
nev03394.jpg,0
nev03395.jpg,0
nev03396.jpg,0
nev03397.jpg,0
nev03398.jpg,0
nev03399.jpg,0
nev03400.jpg,0
nev03401.jpg,0
nev03402.jpg,0
nev03403.jpg,0
nev03404.jpg,0
nev03405.jpg,0
nev03406.jpg,0
nev03407.jpg,0
nev03408.jpg,0
nev03409.jpg,0
nev03410.jpg,0
nev03411.jpg,0
nev03412.jpg,0
nev03413.jpg,0
nev03414.jpg,0
nev03415.jpg,0
nev03416.jpg,0
nev03417.jpg,0
nev03418.jpg,0
nev03419.jpg,0
nev03420.jpg,0
nev03421.jpg,0
nev03422.jpg,0
nev03423.jpg,0
nev03424.jpg,0
nev03425.jpg,0
nev03426.jpg,0
nev03427.jpg,0
nev03428.jpg,0
nev03429.jpg,0
nev03430.jpg,0
nev03431.jpg,0
nev03432.jpg,0
nev03433.jpg,0
nev03434.jpg,0
nev03435.jpg,0
nev03436.jpg,0
nev03437.jpg,0
nev03438.jpg,0
nev03439.jpg,0
nev03440.jpg,0
nev03441.jpg,0
nev03442.jpg,0
nev03443.jpg,0
nev03444.jpg,0
nev03445.jpg,0
nev03446.jpg,0
nev03447.jpg,0
nev03448.jpg,0
nev03449.jpg,0
nev03450.jpg,0
nev03451.jpg,0
nev03452.jpg,0
nev03453.jpg,0
nev03454.jpg,0
nev03455.jpg,0
nev03456.jpg,0
nev03457.jpg,0
nev03458.jpg,0
nev03459.jpg,0
nev03460.jpg,0
nev03461.jpg,0
nev03462.jpg,0
nev03463.jpg,0
nev03464.jpg,0
nev03465.jpg,0
nev03466.jpg,0
nev03467.jpg,0
nev03468.jpg,0
nev03469.jpg,0
nev03470.jpg,0
nev03471.jpg,0
nev03472.jpg,0
nev03473.jpg,0
nev03474.jpg,0
nev03475.jpg,0
nev03476.jpg,0
nev03477.jpg,0
nev03478.jpg,0
nev03479.jpg,0
nev03480.jpg,0
nev03481.jpg,0
nev03482.jpg,0
nev03483.jpg,0
nev03484.jpg,0
nev03485.jpg,0
nev03486.jpg,0
nev03487.jpg,0
nev03488.jpg,0
nev03489.jpg,0
nev03490.jpg,0
nev03491.jpg,0
nev03492.jpg,0
nev03493.jpg,0
nev03494.jpg,0
nev03495.jpg,0
nev03496.jpg,0
nev03497.jpg,0
nev03498.jpg,0
nev03499.jpg,0
nev03500.jpg,0
nev03501.jpg,0
nev03502.jpg,0
nev03503.jpg,0
nev03504.jpg,0
nev03505.jpg,0
nev03506.jpg,0
nev03507.jpg,0
nev03508.jpg,0
nev03509.jpg,0
nev03510.jpg,0
nev03511.jpg,0
nev03512.jpg,0
nev03513.jpg,0
nev03514.jpg,0
nev03515.jpg,0
nev03516.jpg,0
nev03517.jpg,0
nev03518.jpg,0
nev03519.jpg,0
nev03520.jpg,0
nev03521.jpg,0
nev03522.jpg,0
nev03523.jpg,0
nev03524.jpg,0
nev03525.jpg,0
nev03526.jpg,0
nev03527.jpg,0
nev03528.jpg,0
nev03529.jpg,0
nev03530.jpg,0
nev03531.jpg,0
nev03532.jpg,0
nev03533.jpg,0
nev03534.jpg,0
nev03535.jpg,0
nev03536.jpg,0
nev03537.jpg,0
nev03538.jpg,0
nev03539.jpg,0
nev03540.jpg,0
nev03541.jpg,0
nev03542.jpg,0
nev03543.jpg,0
nev03544.jpg,0
nev03545.jpg,0
nev03546.jpg,0
nev03547.jpg,0
nev03548.jpg,0
nev03549.jpg,0
nev03550.jpg,0
nev03551.jpg,0
nev03552.jpg,0
nev03553.jpg,0
nev03554.jpg,0
nev03555.jpg,0
nev03556.jpg,0
nev03557.jpg,0
nev03558.jpg,0
nev03559.jpg,0
nev03560.jpg,0
nev03561.jpg,0
nev03562.jpg,0
nev03563.jpg,0
nev03564.jpg,0
nev03565.jpg,0
nev03566.jpg,0
nev03567.jpg,0
nev03568.jpg,0
nev03569.jpg,0
nev03570.jpg,0
nev03571.jpg,0
nev03572.jpg,0
nev03573.jpg,0
nev03574.jpg,0
nev03575.jpg,0
nev03576.jpg,0
nev03577.jpg,0
nev03578.jpg,0
nev03579.jpg,0
nev03580.jpg,0
nev03581.jpg,0
nev03582.jpg,0
nev03583.jpg,0
nev03584.jpg,0
nev03585.jpg,0
nev03586.jpg,0
nev03587.jpg,0
nev03588.jpg,0
nev03589.jpg,0
nev03590.jpg,0
nev03591.jpg,0
nev03592.jpg,0
nev03593.jpg,0
nev03594.jpg,0
nev03595.jpg,0
nev03596.jpg,0
nev03597.jpg,0
nev03598.jpg,0
nev03599.jpg,0
nev03600.jpg,0
nev03601.jpg,0
nev03602.jpg,0
nev03603.jpg,0
nev03604.jpg,0
nev03605.jpg,0
nev03606.jpg,0
nev03607.jpg,0
nev03608.jpg,0
nev03609.jpg,0
nev03610.jpg,0
nev03611.jpg,0
nev03612.jpg,0
nev03613.jpg,0
nev03614.jpg,0
nev03615.jpg,0
nev03616.jpg,0
nev03617.jpg,0
nev03618.jpg,0
nev03619.jpg,0
nev03620.jpg,0
nev03621.jpg,0
nev03622.jpg,0
nev03623.jpg,0
nev03624.jpg,0
nev03625.jpg,0
nev03626.jpg,0
nev03627.jpg,0
nev03628.jpg,0
nev03629.jpg,0
nev03630.jpg,0
nev03631.jpg,0
nev03632.jpg,0
nev03633.jpg,0
nev03634.jpg,0
nev03635.jpg,0
nev03636.jpg,0
nev03637.jpg,0
nev03638.jpg,0
nev03639.jpg,0
nev03640.jpg,0
nev03641.jpg,0
nev03642.jpg,0
nev03643.jpg,0
nev03644.jpg,0
nev03645.jpg,0
nev03646.jpg,0
nev03647.jpg,0
nev03648.jpg,0
nev03649.jpg,0
nev03650.jpg,0
nev03651.jpg,0
nev03652.jpg,0
nev03653.jpg,0
nev03654.jpg,0
nev03655.jpg,0
nev03656.jpg,0
nev03657.jpg,0
nev03658.jpg,0
nev03659.jpg,0
nev03660.jpg,0
nev03661.jpg,0
nev03662.jpg,0
nev03663.jpg,0
nev03664.jpg,0
nev03665.jpg,0
nev03666.jpg,0
nev03667.jpg,0
nev03668.jpg,0
nev03669.jpg,0
nev03670.jpg,0
nev03671.jpg,0
nev03672.jpg,0
nev03673.jpg,0
nev03674.jpg,0
nev03675.jpg,0
nev03676.jpg,0
nev03677.jpg,0
nev03678.jpg,0
nev03679.jpg,0
nev03680.jpg,0
nev03681.jpg,0
nev03682.jpg,0
nev03683.jpg,0
nev03684.jpg,0
nev03685.jpg,0
nev03686.jpg,0
nev03687.jpg,0
nev03688.jpg,0
nev03689.jpg,0
nev03690.jpg,0
nev03691.jpg,0
nev03692.jpg,0
nev03693.jpg,0
nev03694.jpg,0
nev03695.jpg,0
nev03696.jpg,0
nev03697.jpg,0
nev03698.jpg,0
nev03699.jpg,0
nev03700.jpg,0
nev03701.jpg,0
nev03702.jpg,0
nev03703.jpg,0
nev03704.jpg,0
nev03705.jpg,0
nev03706.jpg,0
nev03707.jpg,0
nev03708.jpg,0
nev03709.jpg,0
nev03710.jpg,0
nev03711.jpg,0
nev03712.jpg,0
nev03713.jpg,0
nev03714.jpg,0
nev03715.jpg,0
nev03716.jpg,0
nev03717.jpg,0
nev03718.jpg,0
nev03719.jpg,0
nev03720.jpg,0
nev03721.jpg,0
nev03722.jpg,0
nev03723.jpg,0
nev03724.jpg,0
nev03725.jpg,0
nev03726.jpg,0
nev03727.jpg,0
nev03728.jpg,0
nev03729.jpg,0
nev03730.jpg,0
nev03731.jpg,0
nev03732.jpg,0
nev03733.jpg,0
nev03734.jpg,0
nev03735.jpg,0
nev03736.jpg,0
nev03737.jpg,0
nev03738.jpg,0
nev03739.jpg,0
nev03740.jpg,0
nev03741.jpg,0
nev03742.jpg,0
nev03743.jpg,0
nev03744.jpg,0
nev03745.jpg,0
nev03746.jpg,0
nev03747.jpg,0
nev03748.jpg,0
nev03749.jpg,0
nev03750.jpg,0
nev03751.jpg,0
nev03752.jpg,0
nev03753.jpg,0
nev03754.jpg,0
nev03755.jpg,0
nev03756.jpg,0
nev03757.jpg,0
nev03758.jpg,0
nev03759.jpg,0
nev03760.jpg,0
nev03761.jpg,0
nev03762.jpg,0
nev03763.jpg,0
nev03764.jpg,0
nev03765.jpg,0
nev03766.jpg,0
nev03767.jpg,0
nev03768.jpg,0
nev03769.jpg,0
nev03770.jpg,0
nev03771.jpg,0
nev03772.jpg,0
nev03773.jpg,0
nev03774.jpg,0
nev03775.jpg,0
nev03776.jpg,0
nev03777.jpg,0
nev03778.jpg,0
nev03779.jpg,0
nev03780.jpg,0
nev03781.jpg,0
nev03782.jpg,0
nev03783.jpg,0
nev03784.jpg,0
nev03785.jpg,0
nev03786.jpg,0
nev03787.jpg,0
nev03788.jpg,0
nev03789.jpg,0
nev03790.jpg,0
nev03791.jpg,0
nev03792.jpg,0
nev03793.jpg,0
nev03794.jpg,0
nev03795.jpg,0
nev03796.jpg,0
nev03797.jpg,0
nev03798.jpg,0
nev03799.jpg,0
nev03800.jpg,0
nev03801.jpg,0
nev03802.jpg,0
nev03803.jpg,0
nev03804.jpg,0
nev03805.jpg,0
nev03806.jpg,0
nev03807.jpg,0
nev03808.jpg,0
nev03809.jpg,0
nev03810.jpg,0
nev03811.jpg,0
nev03812.jpg,0
nev03813.jpg,0
nev03814.jpg,0
nev03815.jpg,0
nev03816.jpg,0
nev03817.jpg,0
nev03818.jpg,0
nev03819.jpg,0
nev03820.jpg,0
nev03821.jpg,0
nev03822.jpg,0
nev03823.jpg,0
nev03824.jpg,0
nev03825.jpg,0
nev03826.jpg,0
nev03827.jpg,0
nev03828.jpg,0
nev03829.jpg,0
nev03830.jpg,0
nev03831.jpg,0
nev03832.jpg,0
nev03833.jpg,0
nev03834.jpg,0
nev03835.jpg,0
nev03836.jpg,0
nev03837.jpg,0
nev03838.jpg,0
nev03839.jpg,0
nev03840.jpg,0
nev03841.jpg,0
nev03842.jpg,0
nev03843.jpg,0
nev03844.jpg,0
nev03845.jpg,0
nev03846.jpg,0
nev03847.jpg,0
nev03848.jpg,0
nev03849.jpg,0
nev03850.jpg,0
nev03851.jpg,0
nev03852.jpg,0
nev03853.jpg,0
nev03854.jpg,0
nev03855.jpg,0
nev03856.jpg,0
nev03857.jpg,0
nev03858.jpg,0
nev03859.jpg,0
nev03860.jpg,0
nev03861.jpg,0
nev03862.jpg,0
nev03863.jpg,0
nev03864.jpg,0
nev03865.jpg,0
nev03866.jpg,0
nev03867.jpg,0
nev03868.jpg,0
nev03869.jpg,0
nev03870.jpg,0
nev03871.jpg,0
nev03872.jpg,0
nev03873.jpg,0
nev03874.jpg,0
nev03875.jpg,0
nev03876.jpg,0
nev03877.jpg,0
nev03878.jpg,0
nev03879.jpg,0
nev03880.jpg,0
nev03881.jpg,0
nev03882.jpg,0
nev03883.jpg,0
nev03884.jpg,0
nev03885.jpg,0
nev03886.jpg,0
nev03887.jpg,0
nev03888.jpg,0
nev03889.jpg,0
nev03890.jpg,0
nev03891.jpg,0
nev03892.jpg,0
nev03893.jpg,0
nev03894.jpg,0
nev03895.jpg,0
nev03896.jpg,0
nev03897.jpg,0
nev03898.jpg,0
nev03899.jpg,0
nev03900.jpg,0
nev03901.jpg,0
nev03902.jpg,0
nev03903.jpg,0
nev03904.jpg,0
nev03905.jpg,0
nev03906.jpg,0
nev03907.jpg,0
nev03908.jpg,0
nev03909.jpg,0
nev03910.jpg,0
nev03911.jpg,0
nev03912.jpg,0
nev03913.jpg,0
nev03914.jpg,0
nev03915.jpg,0
nev03916.jpg,0
nev03917.jpg,0
nev03918.jpg,0
nev03919.jpg,0
nev03920.jpg,0
nev03921.jpg,0
nev03922.jpg,0
nev03923.jpg,0
nev03924.jpg,0
nev03925.jpg,0
nev03926.jpg,0
nev03927.jpg,0
nev03928.jpg,0
nev03929.jpg,0
nev03930.jpg,0
nev03931.jpg,0
nev03932.jpg,0
nev03933.jpg,0
nev03934.jpg,0
nev03935.jpg,0
nev03936.jpg,0
nev03937.jpg,0
nev03938.jpg,0
nev03939.jpg,0
nev03940.jpg,0
nev03941.jpg,0
nev03942.jpg,0
nev03943.jpg,0
nev03944.jpg,0
nev03945.jpg,0
nev03946.jpg,0
nev03947.jpg,0
nev03948.jpg,0
nev03949.jpg,0
nev03950.jpg,0
nev03951.jpg,0
nev03952.jpg,0
nev03953.jpg,0
nev03954.jpg,0
nev03955.jpg,0
nev03956.jpg,0
nev03957.jpg,0
nev03958.jpg,0
nev03959.jpg,0
nev03960.jpg,0
nev03961.jpg,0
nev03962.jpg,0
nev03963.jpg,0
nev03964.jpg,0
nev03965.jpg,0
nev03966.jpg,0
nev03967.jpg,0
nev03968.jpg,0
nev03969.jpg,0
nev03970.jpg,0
nev03971.jpg,0
nev03972.jpg,0
nev03973.jpg,0
nev03974.jpg,0
nev03975.jpg,0
nev03976.jpg,0
nev03977.jpg,0
nev03978.jpg,0
nev03979.jpg,0
nev03980.jpg,0
nev03981.jpg,0
nev03982.jpg,0
nev03983.jpg,0
nev03984.jpg,0
nev03985.jpg,0
nev03986.jpg,0
nev03987.jpg,0
nev03988.jpg,0
nev03989.jpg,0
nev03990.jpg,0
nev03991.jpg,0
nev03992.jpg,0
nev03993.jpg,0
nev03994.jpg,0
nev03995.jpg,0
nev03996.jpg,0
nev03997.jpg,0
nev03998.jpg,0
nev03999.jpg,0
nev04000.jpg,0
nev04001.jpg,0
nev04002.jpg,0
nev04003.jpg,0
nev04004.jpg,0
nev04005.jpg,0
nev04006.jpg,0
nev04007.jpg,0
nev04008.jpg,0
nev04009.jpg,0
nev04010.jpg,0
nev04011.jpg,0
nev04012.jpg,0
nev04013.jpg,0
nev04014.jpg,0
nev04015.jpg,0
nev04016.jpg,0
nev04017.jpg,0
nev04018.jpg,0
nev04019.jpg,0
nev04020.jpg,0
nev04021.jpg,0
nev04022.jpg,0
nev04023.jpg,0
nev04024.jpg,0
nev04025.jpg,0
nev04026.jpg,0
nev04027.jpg,0
nev04028.jpg,0
nev04029.jpg,0
nev04030.jpg,0
nev04031.jpg,0
nev04032.jpg,0
nev04033.jpg,0
nev04034.jpg,0
nev04035.jpg,0
nev04036.jpg,0
nev04037.jpg,0
nev04038.jpg,0
nev04039.jpg,0
nev04040.jpg,0
nev04041.jpg,0
nev04042.jpg,0
nev04043.jpg,0
nev04044.jpg,0
nev04045.jpg,0
nev04046.jpg,0
nev04047.jpg,0
nev04048.jpg,0
nev04049.jpg,0
nev04050.jpg,0
nev04051.jpg,0
nev04052.jpg,0
nev04053.jpg,0
nev04054.jpg,0
nev04055.jpg,0
nev04056.jpg,0
nev04057.jpg,0
nev04058.jpg,0
nev04059.jpg,0
nev04060.jpg,0
nev04061.jpg,0
nev04062.jpg,0
nev04063.jpg,0
nev04064.jpg,0
nev04065.jpg,0
nev04066.jpg,0
nev04067.jpg,0
nev04068.jpg,0
nev04069.jpg,0
nev04070.jpg,0
nev04071.jpg,0
nev04072.jpg,0
nev04073.jpg,0
nev04074.jpg,0
nev04075.jpg,0
nev04076.jpg,0
nev04077.jpg,0
nev04078.jpg,0
nev04079.jpg,0
nev04080.jpg,0
nev04081.jpg,0
nev04082.jpg,0
nev04083.jpg,0
nev04084.jpg,0
nev04085.jpg,0
nev04086.jpg,0
nev04087.jpg,0
nev04088.jpg,0
nev04089.jpg,0
nev04090.jpg,0
nev04091.jpg,0
nev04092.jpg,0
nev04093.jpg,0
nev04094.jpg,0
nev04095.jpg,0
nev04096.jpg,0
nev04097.jpg,0
nev04098.jpg,0
nev04099.jpg,0
nev04100.jpg,0
nev04101.jpg,0
nev04102.jpg,0
nev04103.jpg,0
nev04104.jpg,0
nev04105.jpg,0
nev04106.jpg,0
nev04107.jpg,0
nev04108.jpg,0
nev04109.jpg,0
nev04110.jpg,0
nev04111.jpg,0
nev04112.jpg,0
nev04113.jpg,0
nev04114.jpg,0
nev04115.jpg,0
nev04116.jpg,0
nev04117.jpg,0
nev04118.jpg,0
nev04119.jpg,0
nev04120.jpg,0
nev04121.jpg,0
nev04122.jpg,0
nev04123.jpg,0
nev04124.jpg,0
nev04125.jpg,0
nev04126.jpg,0
nev04127.jpg,0
nev04128.jpg,0
nev04129.jpg,0
nev04130.jpg,0
nev04131.jpg,0
nev04132.jpg,0
nev04133.jpg,0
nev04134.jpg,0
nev04135.jpg,0
nev04136.jpg,0
nev04137.jpg,0
nev04138.jpg,0
nev04139.jpg,0
nev04140.jpg,0
nev04141.jpg,0
nev04142.jpg,0
nev04143.jpg,0
nev04144.jpg,0
nev04145.jpg,0
nev04146.jpg,0
nev04147.jpg,0
nev04148.jpg,0
nev04149.jpg,0
nev04150.jpg,0
nev04151.jpg,0
nev04152.jpg,0
nev04153.jpg,0
nev04154.jpg,0
nev04155.jpg,0
nev04156.jpg,0
nev04157.jpg,0
nev04158.jpg,0
nev04159.jpg,0
nev04160.jpg,0
nev04161.jpg,0
nev04162.jpg,0
nev04163.jpg,0
nev04164.jpg,0
nev04165.jpg,0
nev04166.jpg,0
nev04167.jpg,0
nev04168.jpg,0
nev04169.jpg,0
nev04170.jpg,0
nev04171.jpg,0
nev04172.jpg,0
nev04173.jpg,0
nev04174.jpg,0
nev04175.jpg,0
nev04176.jpg,0
nev04177.jpg,0
nev04178.jpg,0
nev04179.jpg,0
nev04180.jpg,0
nev04181.jpg,0
nev04182.jpg,0
nev04183.jpg,0
nev04184.jpg,0
nev04185.jpg,0
nev04186.jpg,0
nev04187.jpg,0
nev04188.jpg,0
nev04189.jpg,0
nev04190.jpg,0
nev04191.jpg,0
nev04192.jpg,0
nev04193.jpg,0
nev04194.jpg,0
nev04195.jpg,0
nev04196.jpg,0
nev04197.jpg,0
nev04198.jpg,0
nev04199.jpg,0
nev04200.jpg,0
nev04201.jpg,0
nev04202.jpg,0
nev04203.jpg,0
nev04204.jpg,0
nev04205.jpg,0
nev04206.jpg,0
nev04207.jpg,0
nev04208.jpg,0
nev04209.jpg,0
nev04210.jpg,0
nev04211.jpg,0
nev04212.jpg,0
nev04213.jpg,0
nev04214.jpg,0
nev04215.jpg,0
nev04216.jpg,0
nev04217.jpg,0
nev04218.jpg,0
nev04219.jpg,0
nev04220.jpg,0
nev04221.jpg,0
nev04222.jpg,0
nev04223.jpg,0
nev04224.jpg,0
nev04225.jpg,0
nev04226.jpg,0
nev04227.jpg,0
nev04228.jpg,0
nev04229.jpg,0
nev04230.jpg,0
nev04231.jpg,0
nev04232.jpg,0
nev04233.jpg,0
nev04234.jpg,0
nev04235.jpg,0
nev04236.jpg,0
nev04237.jpg,0
nev04238.jpg,0
nev04239.jpg,0
nev04240.jpg,0
nev04241.jpg,0
nev04242.jpg,0
nev04243.jpg,0
nev04244.jpg,0
nev04245.jpg,0
nev04246.jpg,0
nev04247.jpg,0
nev04248.jpg,0
nev04249.jpg,0
nev04250.jpg,0
nev04251.jpg,0
nev04252.jpg,0
nev04253.jpg,0
nev04254.jpg,0
nev04255.jpg,0
nev04256.jpg,0
nev04257.jpg,0
nev04258.jpg,0
nev04259.jpg,0
nev04260.jpg,0
nev04261.jpg,0
nev04262.jpg,0
nev04263.jpg,0
nev04264.jpg,0
nev04265.jpg,0
nev04266.jpg,0
nev04267.jpg,0
nev04268.jpg,0
nev04269.jpg,0
nev04270.jpg,0
nev04271.jpg,0
nev04272.jpg,0
nev04273.jpg,0
nev04274.jpg,0
nev04275.jpg,0
nev04276.jpg,0
nev04277.jpg,0
nev04278.jpg,0
nev04279.jpg,0
nev04280.jpg,0
nev04281.jpg,0
nev04282.jpg,0
nev04283.jpg,0
nev04284.jpg,0
nev04285.jpg,0
nev04286.jpg,0
nev04287.jpg,0
nev04288.jpg,0
nev04289.jpg,0
nev04290.jpg,0
nev04291.jpg,0
nev04292.jpg,0
nev04293.jpg,0
nev04294.jpg,0
nev04295.jpg,0
nev04296.jpg,0
nev04297.jpg,0
nev04298.jpg,0
nev04299.jpg,0
nev04300.jpg,0
nev04301.jpg,0
nev04302.jpg,0
nev04303.jpg,0
nev04304.jpg,0
nev04305.jpg,0
nev04306.jpg,0
nev04307.jpg,0
nev04308.jpg,0
nev04309.jpg,0
nev04310.jpg,0
nev04311.jpg,0
nev04312.jpg,0
nev04313.jpg,0
nev04314.jpg,0
nev04315.jpg,0
nev04316.jpg,0
nev04317.jpg,0
nev04318.jpg,0
nev04319.jpg,0
nev04320.jpg,0
nev04321.jpg,0
nev04322.jpg,0
nev04323.jpg,0
nev04324.jpg,0
nev04325.jpg,0
nev04326.jpg,0
nev04327.jpg,0
nev04328.jpg,0
nev04329.jpg,0
nev04330.jpg,0
nev04331.jpg,0
nev04332.jpg,0
nev04333.jpg,0
nev04334.jpg,0
nev04335.jpg,0
nev04336.jpg,0
nev04337.jpg,0
nev04338.jpg,0
nev04339.jpg,0
nev04340.jpg,0
nev04341.jpg,0
nev04342.jpg,0
nev04343.jpg,0
nev04344.jpg,0
nev04345.jpg,0
nev04346.jpg,0
nev04347.jpg,0
nev04348.jpg,0
nev04349.jpg,0
nev04350.jpg,0
nev04351.jpg,0
nev04352.jpg,0
nev04353.jpg,0
nev04354.jpg,0
nev04355.jpg,0
nev04356.jpg,0
nev04357.jpg,0
nev04358.jpg,0
nev04359.jpg,0
nev04360.jpg,0
nev04361.jpg,0
nev04362.jpg,0
nev04363.jpg,0
nev04364.jpg,0
nev04365.jpg,0
nev04366.jpg,0
nev04367.jpg,0
nev04368.jpg,0
nev04369.jpg,0
nev04370.jpg,0
nev04371.jpg,0
nev04372.jpg,0
nev04373.jpg,0
nev04374.jpg,0
nev04375.jpg,0
nev04376.jpg,0
nev04377.jpg,0
nev04378.jpg,0
nev04379.jpg,0
nev04380.jpg,0
nev04381.jpg,0
nev04382.jpg,0
nev04383.jpg,0
nev04384.jpg,0
nev04385.jpg,0
nev04386.jpg,0
nev04387.jpg,0
nev04388.jpg,0
nev04389.jpg,0
nev04390.jpg,0
nev04391.jpg,0
nev04392.jpg,0
nev04393.jpg,0
nev04394.jpg,0
nev04395.jpg,0
nev04396.jpg,0
nev04397.jpg,0
nev04398.jpg,0
nev04399.jpg,0
nev04400.jpg,0
nev04401.jpg,0
nev04402.jpg,0
nev04403.jpg,0
nev04404.jpg,0
nev04405.jpg,0
nev04406.jpg,0
nev04407.jpg,0
nev04408.jpg,0
nev04409.jpg,0
nev04410.jpg,0
nev04411.jpg,0
nev04412.jpg,0
nev04413.jpg,0
nev04414.jpg,0
nev04415.jpg,0
nev04416.jpg,0
nev04417.jpg,0
nev04418.jpg,0
nev04419.jpg,0
nev04420.jpg,0
nev04421.jpg,0
nev04422.jpg,0
nev04423.jpg,0
nev04424.jpg,0
nev04425.jpg,0
nev04426.jpg,0
nev04427.jpg,0
nev04428.jpg,0
nev04429.jpg,0
nev04430.jpg,0
nev04431.jpg,0
nev04432.jpg,0
nev04433.jpg,0
nev04434.jpg,0
nev04435.jpg,0
nev04436.jpg,0
nev04437.jpg,0
nev04438.jpg,0
nev04439.jpg,0
nev04440.jpg,0
nev04441.jpg,0
nev04442.jpg,0
nev04443.jpg,0
nev04444.jpg,0
nev04445.jpg,0
nev04446.jpg,0
nev04447.jpg,0
nev04448.jpg,0
nev04449.jpg,0
nev04450.jpg,0
nev04451.jpg,0
nev04452.jpg,0
nev04453.jpg,0
nev04454.jpg,0
nev04455.jpg,0
nev04456.jpg,0
nev04457.jpg,0
nev04458.jpg,0
nev04459.jpg,0
nev04460.jpg,0
nev04461.jpg,0
nev04462.jpg,0
nev04463.jpg,0
nev04464.jpg,0
nev04465.jpg,0
nev04466.jpg,0
nev04467.jpg,0
nev04468.jpg,0
nev04469.jpg,0
nev04470.jpg,0
nev04471.jpg,0
nev04472.jpg,0
nev04473.jpg,0
nev04474.jpg,0
nev04475.jpg,0
nev04476.jpg,0
nev04477.jpg,0
nev04478.jpg,0
nev04479.jpg,0
nev04480.jpg,0
nev04481.jpg,0
nev04482.jpg,0
nev04483.jpg,0
nev04484.jpg,0
nev04485.jpg,0
nev04486.jpg,0
nev04487.jpg,0
nev04488.jpg,0
nev04489.jpg,0
nev04490.jpg,0
nev04491.jpg,0
nev04492.jpg,0
nev04493.jpg,0
nev04494.jpg,0
nev04495.jpg,0
nev04496.jpg,0
nev04497.jpg,0
nev04498.jpg,0
nev04499.jpg,0
nev04500.jpg,0
nev04501.jpg,0
nev04502.jpg,0
nev04503.jpg,0
nev04504.jpg,0
nev04505.jpg,0
nev04506.jpg,0
nev04507.jpg,0
nev04508.jpg,0
nev04509.jpg,0
nev04510.jpg,0
nev04511.jpg,0
nev04512.jpg,0
nev04513.jpg,0
nev04514.jpg,0
nev04515.jpg,0
nev04516.jpg,0
nev04517.jpg,0
nev04518.jpg,0
nev04519.jpg,0
nev04520.jpg,0
nev04521.jpg,0
nev04522.jpg,0
nev04523.jpg,0
nev04524.jpg,0
nev04525.jpg,0
nev04526.jpg,0
nev04527.jpg,0
nev04528.jpg,0
nev04529.jpg,0
nev04530.jpg,0
nev04531.jpg,0
nev04532.jpg,0
nev04533.jpg,0
nev04534.jpg,0
nev04535.jpg,0
nev04536.jpg,0
nev04537.jpg,0
nev04538.jpg,0
nev04539.jpg,0
nev04540.jpg,0
nev04541.jpg,0
nev04542.jpg,0
nev04543.jpg,0
nev04544.jpg,0
nev04545.jpg,0
nev04546.jpg,0
nev04547.jpg,0
nev04548.jpg,0
nev04549.jpg,0
nev04550.jpg,0
nev04551.jpg,0
nev04552.jpg,0
nev04553.jpg,0
nev04554.jpg,0
nev04555.jpg,0
nev04556.jpg,0
nev04557.jpg,0
nev04558.jpg,0
nev04559.jpg,0
nev04560.jpg,0
nev04561.jpg,0
nev04562.jpg,0
nev04563.jpg,0
nev04564.jpg,0
nev04565.jpg,0
nev04566.jpg,0
nev04567.jpg,0
nev04568.jpg,0
nev04569.jpg,0
nev04570.jpg,0
nev04571.jpg,0
nev04572.jpg,0
nev04573.jpg,0
nev04574.jpg,0
nev04575.jpg,0
nev04576.jpg,0
nev04577.jpg,0
nev04578.jpg,0
nev04579.jpg,0
nev04580.jpg,0
nev04581.jpg,0
nev04582.jpg,0
nev04583.jpg,0
nev04584.jpg,0
nev04585.jpg,0
nev04586.jpg,0
nev04587.jpg,0
nev04588.jpg,0
nev04589.jpg,0
nev04590.jpg,0
nev04591.jpg,0
nev04592.jpg,0
nev04593.jpg,0
nev04594.jpg,0
nev04595.jpg,0
nev04596.jpg,0
nev04597.jpg,0
nev04598.jpg,0
nev04599.jpg,0
nev04600.jpg,0
nev04601.jpg,0
nev04602.jpg,0
nev04603.jpg,0
nev04604.jpg,0
nev04605.jpg,0
nev04606.jpg,0
nev04607.jpg,0
nev04608.jpg,0
nev04609.jpg,0
nev04610.jpg,0
nev04611.jpg,0
nev04612.jpg,0
nev04613.jpg,0
nev04614.jpg,0
nev04615.jpg,0
nev04616.jpg,0
nev04617.jpg,0
nev04618.jpg,0
nev04619.jpg,0
nev04620.jpg,0
nev04621.jpg,0
nev04622.jpg,0
nev04623.jpg,0
nev04624.jpg,0
nev04625.jpg,0
nev04626.jpg,0
nev04627.jpg,0
nev04628.jpg,0
nev04629.jpg,0
nev04630.jpg,0
nev04631.jpg,0
nev04632.jpg,0
nev04633.jpg,0
nev04634.jpg,0
nev04635.jpg,0
nev04636.jpg,0
nev04637.jpg,0
nev04638.jpg,0
nev04639.jpg,0
nev04640.jpg,0
nev04641.jpg,0
nev04642.jpg,0
nev04643.jpg,0
nev04644.jpg,0
nev04645.jpg,0
nev04646.jpg,0
nev04647.jpg,0
nev04648.jpg,0
nev04649.jpg,0
nev04650.jpg,0
nev04651.jpg,0
nev04652.jpg,0
nev04653.jpg,0
nev04654.jpg,0
nev04655.jpg,0
nev04656.jpg,0
nev04657.jpg,0
nev04658.jpg,0
nev04659.jpg,0
nev04660.jpg,0
nev04661.jpg,0
nev04662.jpg,0
nev04663.jpg,0
nev04664.jpg,0
nev04665.jpg,0
nev04666.jpg,0
nev04667.jpg,0
nev04668.jpg,0
nev04669.jpg,0
nev04670.jpg,0
nev04671.jpg,0
nev04672.jpg,0
nev04673.jpg,0
nev04674.jpg,0
nev04675.jpg,0
nev04676.jpg,0
nev04677.jpg,0
nev04678.jpg,0
nev04679.jpg,0
nev04680.jpg,0
nev04681.jpg,0
nev04682.jpg,0
nev04683.jpg,0
nev04684.jpg,0
nev04685.jpg,0
nev04686.jpg,0
nev04687.jpg,0
nev04688.jpg,0
nev04689.jpg,0
nev04690.jpg,0
nev04691.jpg,0
nev04692.jpg,0
nev04693.jpg,0
nev04694.jpg,0
nev04695.jpg,0
nev04696.jpg,0
nev04697.jpg,0
nev04698.jpg,0
nev04699.jpg,0
nev04700.jpg,0
nev04701.jpg,0
nev04702.jpg,0
nev04703.jpg,0
nev04704.jpg,0
nev04705.jpg,0
nev04706.jpg,0
nev04707.jpg,0
nev04708.jpg,0
nev04709.jpg,0
nev04710.jpg,0
nev04711.jpg,0
nev04712.jpg,0
nev04713.jpg,0
nev04714.jpg,0
nev04715.jpg,0
nev04716.jpg,0
nev04717.jpg,0
nev04718.jpg,0
nev04719.jpg,0
nev04720.jpg,0
nev04721.jpg,0
nev04722.jpg,0
nev04723.jpg,0
nev04724.jpg,0
nev04725.jpg,0
nev04726.jpg,0
nev04727.jpg,0
nev04728.jpg,0
nev04729.jpg,0
nev04730.jpg,0
nev04731.jpg,0
nev04732.jpg,0
nev04733.jpg,0
nev04734.jpg,0
nev04735.jpg,0
nev04736.jpg,0
nev04737.jpg,0
nev04738.jpg,0
nev04739.jpg,0
nev04740.jpg,0
nev04741.jpg,0
nev04742.jpg,0
nev04743.jpg,0
nev04744.jpg,0
nev04745.jpg,0
nev04746.jpg,0
nev04747.jpg,0
nev04748.jpg,0
nev04749.jpg,0
nev04750.jpg,0
nev04751.jpg,0
nev04752.jpg,0
nev04753.jpg,0
nev04754.jpg,0
nev04755.jpg,0
nev04756.jpg,0
nev04757.jpg,0
nev04758.jpg,0
nev04759.jpg,0
nev04760.jpg,0
nev04761.jpg,0
nev04762.jpg,0
nev04763.jpg,0
nev04764.jpg,0
nev04765.jpg,0
nev04766.jpg,0
nev04767.jpg,0
nev04768.jpg,0
nev04769.jpg,0
nev04770.jpg,0
nev04771.jpg,0
nev04772.jpg,0
nev04773.jpg,0
nev04774.jpg,0
nev04775.jpg,0
nev04776.jpg,0
nev04777.jpg,0
nev04778.jpg,0
nev04779.jpg,0
nev04780.jpg,0
nev04781.jpg,0
nev04782.jpg,0
nev04783.jpg,0
nev04784.jpg,0
nev04785.jpg,0
nev04786.jpg,0
nev04787.jpg,0
nev04788.jpg,0
nev04789.jpg,0
nev04790.jpg,0
nev04791.jpg,0
nev04792.jpg,0
nev04793.jpg,0
nev04794.jpg,0
nev04795.jpg,0
nev04796.jpg,0
nev04797.jpg,0
nev04798.jpg,0
nev04799.jpg,0
nev04800.jpg,0
nev04801.jpg,0
nev04802.jpg,0
nev04803.jpg,0
nev04804.jpg,0
nev04805.jpg,0
nev04806.jpg,0
nev04807.jpg,0
nev04808.jpg,0
nev04809.jpg,0
nev04810.jpg,0
nev04811.jpg,0
nev04812.jpg,0
nev04813.jpg,0
nev04814.jpg,0
nev04815.jpg,0
nev04816.jpg,0
nev04817.jpg,0
nev04818.jpg,0
nev04819.jpg,0
nev04820.jpg,0
nev04821.jpg,0
nev04822.jpg,0
nev04823.jpg,0
nev04824.jpg,0
nev04825.jpg,0
nev04826.jpg,0
nev04827.jpg,0
nev04828.jpg,0
nev04829.jpg,0
nev04830.jpg,0
nev04831.jpg,0
nev04832.jpg,0
nev04833.jpg,0
nev04834.jpg,0
nev04835.jpg,0
nev04836.jpg,0
nev04837.jpg,0
nev04838.jpg,0
nev04839.jpg,0
nev04840.jpg,0
nev04841.jpg,0
nev04842.jpg,0
nev04843.jpg,0
nev04844.jpg,0
nev04845.jpg,0
nev04846.jpg,0
nev04847.jpg,0
nev04848.jpg,0
nev04849.jpg,0
nev04850.jpg,0
nev04851.jpg,0
nev04852.jpg,0
nev04853.jpg,0
nev04854.jpg,0
nev04855.jpg,0
nev04856.jpg,0
nev04857.jpg,0
nev04858.jpg,0
nev04859.jpg,0
nev04860.jpg,0
nev04861.jpg,0
nev04862.jpg,0
nev04863.jpg,0
nev04864.jpg,0
nev04865.jpg,0
nev04866.jpg,0
nev04867.jpg,0
nev04868.jpg,0
nev04869.jpg,0
nev04870.jpg,0
nev04871.jpg,0
nev04872.jpg,0
nev04873.jpg,0
nev04874.jpg,0
nev04875.jpg,0
nev04876.jpg,0
nev04877.jpg,0
nev04878.jpg,0
nev04879.jpg,0
nev04880.jpg,0
nev04881.jpg,0
nev04882.jpg,0
nev04883.jpg,0
nev04884.jpg,0
nev04885.jpg,0
nev04886.jpg,0
nev04887.jpg,0
nev04888.jpg,0
nev04889.jpg,0
nev04890.jpg,0
nev04891.jpg,0
nev04892.jpg,0
nev04893.jpg,0
nev04894.jpg,0
nev04895.jpg,0
nev04896.jpg,0
nev04897.jpg,0
nev04898.jpg,0
nev04899.jpg,0
nev04900.jpg,0
nev04901.jpg,0
nev04902.jpg,0
nev04903.jpg,0
nev04904.jpg,0
nev04905.jpg,0
nev04906.jpg,0
nev04907.jpg,0
nev04908.jpg,0
nev04909.jpg,0
nev04910.jpg,0
nev04911.jpg,0
nev04912.jpg,0
nev04913.jpg,0
nev04914.jpg,0
nev04915.jpg,0
nev04916.jpg,0
nev04917.jpg,0
nev04918.jpg,0
nev04919.jpg,0
nev04920.jpg,0
nev04921.jpg,0
nev04922.jpg,0
nev04923.jpg,0
nev04924.jpg,0
nev04925.jpg,0
nev04926.jpg,0
nev04927.jpg,0
nev04928.jpg,0
nev04929.jpg,0
nev04930.jpg,0
nev04931.jpg,0
nev04932.jpg,0
nev04933.jpg,0
nev04934.jpg,0
nev04935.jpg,0
nev04936.jpg,0
nev04937.jpg,0
nev04938.jpg,0
nev04939.jpg,0
nev04940.jpg,0
nev04941.jpg,0
nev04942.jpg,0
nev04943.jpg,0
nev04944.jpg,0
nev04945.jpg,0
nev04946.jpg,0
nev04947.jpg,0
nev04948.jpg,0
nev04949.jpg,0
nev04950.jpg,0
nev04951.jpg,0
nev04952.jpg,0
nev04953.jpg,0
nev04954.jpg,0
nev04955.jpg,0
nev04956.jpg,0
nev04957.jpg,0
nev04958.jpg,0
nev04959.jpg,0
nev04960.jpg,0
nev04961.jpg,0
nev04962.jpg,0
nev04963.jpg,0
nev04964.jpg,0
nev04965.jpg,0
nev04966.jpg,0
nev04967.jpg,0
nev04968.jpg,0
nev04969.jpg,0
nev04970.jpg,0
nev04971.jpg,0
nev04972.jpg,0
nev04973.jpg,0
nev04974.jpg,0
nev04975.jpg,0
nev04976.jpg,0
nev04977.jpg,0
nev04978.jpg,0
nev04979.jpg,0
nev04980.jpg,0
nev04981.jpg,0
nev04982.jpg,0
nev04983.jpg,0
nev04984.jpg,0
nev04985.jpg,0
nev04986.jpg,0
nev04987.jpg,0
nev04988.jpg,0
nev04989.jpg,0
nev04990.jpg,0
nev04991.jpg,0
nev04992.jpg,0
nev04993.jpg,0
nev04994.jpg,0
nev04995.jpg,0
nev04996.jpg,0
nev04997.jpg,0
nev04998.jpg,0
nev04999.jpg,0
nev05000.jpg,0
nev05001.jpg,0
nev05002.jpg,0
nev05003.jpg,0
nev05004.jpg,0
nev05005.jpg,0
nev05006.jpg,0
nev05007.jpg,0
nev05008.jpg,0
nev05009.jpg,0
nev05010.jpg,0
nev05011.jpg,0
nev05012.jpg,0
nev05013.jpg,0
nev05014.jpg,0
nev05015.jpg,0
nev05016.jpg,0
nev05017.jpg,0
nev05018.jpg,0
nev05019.jpg,0
nev05020.jpg,0
nev05021.jpg,0
nev05022.jpg,0
nev05023.jpg,0
nev05024.jpg,0
nev05025.jpg,0
nev05026.jpg,0
nev05027.jpg,0
nev05028.jpg,0
nev05029.jpg,0
nev05030.jpg,0
nev05031.jpg,0
nev05032.jpg,0
nev05033.jpg,0
nev05034.jpg,0
nev05035.jpg,0
nev05036.jpg,0
nev05037.jpg,0
nev05038.jpg,0
nev05039.jpg,0
nev05040.jpg,0
nev05041.jpg,0
nev05042.jpg,0
nev05043.jpg,0
nev05044.jpg,0
nev05045.jpg,0
nev05046.jpg,0
nev05047.jpg,0
nev05048.jpg,0
nev05049.jpg,0
nev05050.jpg,0
nev05051.jpg,0
nev05052.jpg,0
nev05053.jpg,0
nev05054.jpg,0
nev05055.jpg,0
nev05056.jpg,0
nev05057.jpg,0
nev05058.jpg,0
nev05059.jpg,0
nev05060.jpg,0
nev05061.jpg,0
nev05062.jpg,0
nev05063.jpg,0
nev05064.jpg,0
nev05065.jpg,0
nev05066.jpg,0
nev05067.jpg,0
nev05068.jpg,0
nev05069.jpg,0
nev05070.jpg,0
nev05071.jpg,0
nev05072.jpg,0
nev05073.jpg,0
nev05074.jpg,0
nev05075.jpg,0
nev05076.jpg,0
nev05077.jpg,0
nev05078.jpg,0
nev05079.jpg,0
nev05080.jpg,0
nev05081.jpg,0
nev05082.jpg,0
nev05083.jpg,0
nev05084.jpg,0
nev05085.jpg,0
nev05086.jpg,0
nev05087.jpg,0
nev05088.jpg,0
nev05089.jpg,0
nev05090.jpg,0
nev05091.jpg,0
nev05092.jpg,0
nev05093.jpg,0
nev05094.jpg,0
nev05095.jpg,0
nev05096.jpg,0
nev05097.jpg,0
nev05098.jpg,0
nev05099.jpg,0
nev05100.jpg,0
nev05101.jpg,0
nev05102.jpg,0
nev05103.jpg,0
nev05104.jpg,0
nev05105.jpg,0
nev05106.jpg,0
nev05107.jpg,0
nev05108.jpg,0
nev05109.jpg,0
nev05110.jpg,0
nev05111.jpg,0
nev05112.jpg,0
nev05113.jpg,0
nev05114.jpg,0
nev05115.jpg,0
nev05116.jpg,0
nev05117.jpg,0
nev05118.jpg,0
nev05119.jpg,0
nev05120.jpg,0
nev05121.jpg,0
nev05122.jpg,0
nev05123.jpg,0
nev05124.jpg,0
nev05125.jpg,0
nev05126.jpg,0
nev05127.jpg,0
nev05128.jpg,0
nev05129.jpg,0
nev05130.jpg,0
nev05131.jpg,0
nev05132.jpg,0
nev05133.jpg,0
nev05134.jpg,0
nev05135.jpg,0
nev05136.jpg,0
nev05137.jpg,0
nev05138.jpg,0
nev05139.jpg,0
nev05140.jpg,0
nev05141.jpg,0
nev05142.jpg,0
nev05143.jpg,0
nev05144.jpg,0
nev05145.jpg,0
nev05146.jpg,0
nev05147.jpg,0
nev05148.jpg,0
nev05149.jpg,0
nev05150.jpg,0
nev05151.jpg,0
nev05152.jpg,0
nev05153.jpg,0
nev05154.jpg,0
nev05155.jpg,0
nev05156.jpg,0
nev05157.jpg,0
nev05158.jpg,0
nev05159.jpg,0
nev05160.jpg,0
nev05161.jpg,0
nev05162.jpg,0
nev05163.jpg,0
nev05164.jpg,0
nev05165.jpg,0
nev05166.jpg,0
nev05167.jpg,0
nev05168.jpg,0
nev05169.jpg,0
nev05170.jpg,0
nev05171.jpg,0
nev05172.jpg,0
nev05173.jpg,0
nev05174.jpg,0
nev05175.jpg,0
nev05176.jpg,0
nev05177.jpg,0
nev05178.jpg,0
nev05179.jpg,0
nev05180.jpg,0
nev05181.jpg,0
nev05182.jpg,0
nev05183.jpg,0
nev05184.jpg,0
nev05185.jpg,0
nev05186.jpg,0
nev05187.jpg,0
nev05188.jpg,0
nev05189.jpg,0
nev05190.jpg,0
nev05191.jpg,0
nev05192.jpg,0
nev05193.jpg,0
nev05194.jpg,0
nev05195.jpg,0
nev05196.jpg,0
nev05197.jpg,0
nev05198.jpg,0
nev05199.jpg,0
nev05200.jpg,0
nev05201.jpg,0
nev05202.jpg,0
nev05203.jpg,0
nev05204.jpg,0
nev05205.jpg,0
nev05206.jpg,0
nev05207.jpg,0
nev05208.jpg,0
nev05209.jpg,0
nev05210.jpg,0
nev05211.jpg,0
nev05212.jpg,0
nev05213.jpg,0
nev05214.jpg,0
nev05215.jpg,0
nev05216.jpg,0
nev05217.jpg,0
nev05218.jpg,0
nev05219.jpg,0
nev05220.jpg,0
nev05221.jpg,0
nev05222.jpg,0
nev05223.jpg,0
nev05224.jpg,0
nev05225.jpg,0
nev05226.jpg,0
nev05227.jpg,0
nev05228.jpg,0
nev05229.jpg,0
nev05230.jpg,0
nev05231.jpg,0
nev05232.jpg,0
nev05233.jpg,0
nev05234.jpg,0
nev05235.jpg,0
nev05236.jpg,0
nev05237.jpg,0
nev05238.jpg,0
nev05239.jpg,0
nev05240.jpg,0
nev05241.jpg,0
nev05242.jpg,0
nev05243.jpg,0
nev05244.jpg,0
nev05245.jpg,0
nev05246.jpg,0
nev05247.jpg,0
nev05248.jpg,0
nev05249.jpg,0
nev05250.jpg,0
nev05251.jpg,0
nev05252.jpg,0
nev05253.jpg,0
nev05254.jpg,0
nev05255.jpg,0
nev05256.jpg,0
nev05257.jpg,0
nev05258.jpg,0
nev05259.jpg,0
nev05260.jpg,0
nev05261.jpg,0
nev05262.jpg,0
nev05263.jpg,0
nev05264.jpg,0
nev05265.jpg,0
nev05266.jpg,0
nev05267.jpg,0
nev05268.jpg,0
nev05269.jpg,0
nev05270.jpg,0
nev05271.jpg,0
nev05272.jpg,0
nev05273.jpg,0
nev05274.jpg,0
nev05275.jpg,0
nev05276.jpg,0
nev05277.jpg,0
nev05278.jpg,0
nev05279.jpg,0
nev05280.jpg,0
nev05281.jpg,0
nev05282.jpg,0
nev05283.jpg,0
nev05284.jpg,0
nev05285.jpg,0
nev05286.jpg,0
nev05287.jpg,0
nev05288.jpg,0
nev05289.jpg,0
nev05290.jpg,0
nev05291.jpg,0
nev05292.jpg,0
nev05293.jpg,0
nev05294.jpg,0
nev05295.jpg,0
nev05296.jpg,0
nev05297.jpg,0
nev05298.jpg,0
nev05299.jpg,0
nev05300.jpg,0
nev05301.jpg,0
nev05302.jpg,0
nev05303.jpg,0
nev05304.jpg,0
nev05305.jpg,0
nev05306.jpg,0
nev05307.jpg,0
nev05308.jpg,0
nev05309.jpg,0
nev05310.jpg,0
nev05311.jpg,0
nev05312.jpg,0
nev05313.jpg,0
nev05314.jpg,0
nev05315.jpg,0
nev05316.jpg,0
nev05317.jpg,0
nev05318.jpg,0
nev05319.jpg,0
nev05320.jpg,0
nev05321.jpg,0
nev05322.jpg,0
nev05323.jpg,0
nev05324.jpg,0
nev05325.jpg,0
nev05326.jpg,0
nev05327.jpg,0
nev05328.jpg,0
nev05329.jpg,0
nev05330.jpg,0
nev05331.jpg,0
nev05332.jpg,0
nev05333.jpg,0
nev05334.jpg,0
nev05335.jpg,0
nev05336.jpg,0
nev05337.jpg,0
nev05338.jpg,0
nev05339.jpg,0
nev05340.jpg,0
nev05341.jpg,0
nev05342.jpg,0
nev05343.jpg,0
nev05344.jpg,0
nev05345.jpg,0
nev05346.jpg,0
nev05347.jpg,0
nev05348.jpg,0
nev05349.jpg,0
nev05350.jpg,0
nev05351.jpg,0
nev05352.jpg,0
nev05353.jpg,0
nev05354.jpg,0
nev05355.jpg,0
nev05356.jpg,0
nev05357.jpg,0
nev05358.jpg,0
nev05359.jpg,0
nev05360.jpg,0
nev05361.jpg,0
nev05362.jpg,0
nev05363.jpg,0
nev05364.jpg,0
nev05365.jpg,0
nev05366.jpg,0
nev05367.jpg,0
nev05368.jpg,0
nev05369.jpg,0
nev05370.jpg,0
nev05371.jpg,0
nev05372.jpg,0
nev05373.jpg,0
nev05374.jpg,0
nev05375.jpg,0
nev05376.jpg,0
nev05377.jpg,0
nev05378.jpg,0
nev05379.jpg,0
nev05380.jpg,0
nev05381.jpg,0
nev05382.jpg,0
nev05383.jpg,0
nev05384.jpg,0
nev05385.jpg,0
nev05386.jpg,0
nev05387.jpg,0
nev05388.jpg,0
nev05389.jpg,0
nev05390.jpg,0
nev05391.jpg,0
nev05392.jpg,0
nev05393.jpg,0
nev05394.jpg,0
nev05395.jpg,0
nev05396.jpg,0
nev05397.jpg,0
nev05398.jpg,0
nev05399.jpg,0
nev05400.jpg,0
nev05401.jpg,0
nev05402.jpg,0
nev05403.jpg,0
nev05404.jpg,0
nev05405.jpg,0
nev05406.jpg,0
nev05407.jpg,0
nev05408.jpg,0
nev05409.jpg,0
nev05410.jpg,0
nev05411.jpg,0
nev05412.jpg,0
nev05413.jpg,0
nev05414.jpg,0
nev05415.jpg,0
nev05416.jpg,0
nev05417.jpg,0
nev05418.jpg,0
nev05419.jpg,0
nev05420.jpg,0
nev05421.jpg,0
nev05422.jpg,0
nev05423.jpg,0
nev05424.jpg,0
nev05425.jpg,0
nev05426.jpg,0
nev05427.jpg,0
nev05428.jpg,0
nev05429.jpg,0
nev05430.jpg,0
nev05431.jpg,0
nev05432.jpg,0
nev05433.jpg,0
nev05434.jpg,0
nev05435.jpg,0
nev05436.jpg,0
nev05437.jpg,0
nev05438.jpg,0
nev05439.jpg,0
nev05440.jpg,0
nev05441.jpg,0
nev05442.jpg,0
nev05443.jpg,0
nev05444.jpg,0
nev05445.jpg,0
nev05446.jpg,0
nev05447.jpg,0
nev05448.jpg,0
nev05449.jpg,0
nev05450.jpg,0
nev05451.jpg,0
nev05452.jpg,0
nev05453.jpg,0
nev05454.jpg,0
nev05455.jpg,0
nev05456.jpg,0
nev05457.jpg,0
nev05458.jpg,0
nev05459.jpg,0
nev05460.jpg,0
nev05461.jpg,0
nev05462.jpg,0
nev05463.jpg,0
nev05464.jpg,0
nev05465.jpg,0
nev05466.jpg,0
nev05467.jpg,0
nev05468.jpg,0
nev05469.jpg,0
nev05470.jpg,0
nev05471.jpg,0
nev05472.jpg,0
nev05473.jpg,0
nev05474.jpg,0
nev05475.jpg,0
nev05476.jpg,0
nev05477.jpg,0
nev05478.jpg,0
nev05479.jpg,0
nev05480.jpg,0
nev05481.jpg,0
nev05482.jpg,0
nev05483.jpg,0
nev05484.jpg,0
nev05485.jpg,0
nev05486.jpg,0
nev05487.jpg,0
nev05488.jpg,0
nev05489.jpg,0
nev05490.jpg,0
nev05491.jpg,0
nev05492.jpg,0
nev05493.jpg,0
nev05494.jpg,0
nev05495.jpg,0
nev05496.jpg,0
nev05497.jpg,0
nev05498.jpg,0
nev05499.jpg,0
nev05500.jpg,0
nev05501.jpg,0
nev05502.jpg,0
nev05503.jpg,0
nev05504.jpg,0
nev05505.jpg,0
nev05506.jpg,0
nev05507.jpg,0
nev05508.jpg,0
nev05509.jpg,0
nev05510.jpg,0
nev05511.jpg,0
nev05512.jpg,0
nev05513.jpg,0
nev05514.jpg,0
nev05515.jpg,0
nev05516.jpg,0
nev05517.jpg,0
nev05518.jpg,0
nev05519.jpg,0
nev05520.jpg,0
nev05521.jpg,0
nev05522.jpg,0
nev05523.jpg,0
nev05524.jpg,0
nev05525.jpg,0
nev05526.jpg,0
nev05527.jpg,0
nev05528.jpg,0
nev05529.jpg,0
nev05530.jpg,0
nev05531.jpg,0
nev05532.jpg,0
nev05533.jpg,0
nev05534.jpg,0
nev05535.jpg,0
nev05536.jpg,0
nev05537.jpg,0
nev05538.jpg,0
nev05539.jpg,0
nev05540.jpg,0
nev05541.jpg,0
nev05542.jpg,0
nev05543.jpg,0
nev05544.jpg,0
nev05545.jpg,0
nev05546.jpg,0
nev05547.jpg,0
nev05548.jpg,0
nev05549.jpg,0
nev05550.jpg,0
nev05551.jpg,0
nev05552.jpg,0
nev05553.jpg,0
nev05554.jpg,0
nev05555.jpg,0
nev05556.jpg,0
nev05557.jpg,0
nev05558.jpg,0
nev05559.jpg,0
nev05560.jpg,0
nev05561.jpg,0
nev05562.jpg,0
nev05563.jpg,0
nev05564.jpg,0
nev05565.jpg,0
nev05566.jpg,0
nev05567.jpg,0
nev05568.jpg,0
nev05569.jpg,0
nev05570.jpg,0
nev05571.jpg,0
nev05572.jpg,0
nev05573.jpg,0
nev05574.jpg,0
nev05575.jpg,0
nev05576.jpg,0
nev05577.jpg,0
nev05578.jpg,0
nev05579.jpg,0
nev05580.jpg,0
nev05581.jpg,0
nev05582.jpg,0
nev05583.jpg,0
nev05584.jpg,0
nev05585.jpg,0
nev05586.jpg,0
nev05587.jpg,0
nev05588.jpg,0
nev05589.jpg,0
nev05590.jpg,0
nev05591.jpg,0
nev05592.jpg,0
nev05593.jpg,0
nev05594.jpg,0
nev05595.jpg,0
nev05596.jpg,0
nev05597.jpg,0
nev05598.jpg,0
nev05599.jpg,0
nev05600.jpg,0
nev05601.jpg,0
nev05602.jpg,0
nev05603.jpg,0
nev05604.jpg,0
nev05605.jpg,0
nev05606.jpg,0
nev05607.jpg,0
nev05608.jpg,0
nev05609.jpg,0
nev05610.jpg,0
nev05611.jpg,0
nev05612.jpg,0
nev05613.jpg,0
nev05614.jpg,0
nev05615.jpg,0
nev05616.jpg,0
nev05617.jpg,0
nev05618.jpg,0
nev05619.jpg,0
nev05620.jpg,0
nev05621.jpg,0
nev05622.jpg,0
nev05623.jpg,0
nev05624.jpg,0
nev05625.jpg,0
nev05626.jpg,0
nev05627.jpg,0
nev05628.jpg,0
nev05629.jpg,0
nev05630.jpg,0
nev05631.jpg,0
nev05632.jpg,0
nev05633.jpg,0
nev05634.jpg,0
nev05635.jpg,0
nev05636.jpg,0
nev05637.jpg,0
nev05638.jpg,0
nev05639.jpg,0
nev05640.jpg,0
nev05641.jpg,0
nev05642.jpg,0
nev05643.jpg,0
nev05644.jpg,0
nev05645.jpg,0
nev05646.jpg,0
nev05647.jpg,0
nev05648.jpg,0
nev05649.jpg,0
nev05650.jpg,0
nev05651.jpg,0
nev05652.jpg,0
nev05653.jpg,0
nev05654.jpg,0
nev05655.jpg,0
nev05656.jpg,0
nev05657.jpg,0
nev05658.jpg,0
nev05659.jpg,0
nev05660.jpg,0
nev05661.jpg,0
nev05662.jpg,0
nev05663.jpg,0
nev05664.jpg,0
nev05665.jpg,0
nev05666.jpg,0
nev05667.jpg,0
nev05668.jpg,0
nev05669.jpg,0
nev05670.jpg,0
nev05671.jpg,0
nev05672.jpg,0
nev05673.jpg,0
nev05674.jpg,0
nev05675.jpg,0
nev05676.jpg,0
nev05677.jpg,0
nev05678.jpg,0
nev05679.jpg,0
nev05680.jpg,0
nev05681.jpg,0
nev05682.jpg,0
nev05683.jpg,0
nev05684.jpg,0
nev05685.jpg,0
nev05686.jpg,0
nev05687.jpg,0
nev05688.jpg,0
nev05689.jpg,0
nev05690.jpg,0
nev05691.jpg,0
nev05692.jpg,0
nev05693.jpg,0
nev05694.jpg,0
nev05695.jpg,0
nev05696.jpg,0
nev05697.jpg,0
nev05698.jpg,0
nev05699.jpg,0
nev05700.jpg,0
nev05701.jpg,0
nev05702.jpg,0
nev05703.jpg,0
nev05704.jpg,0
nev05705.jpg,0
nev05706.jpg,0
nev05707.jpg,0
nev05708.jpg,0
nev05709.jpg,0
nev05710.jpg,0
nev05711.jpg,0
nev05712.jpg,0
nev05713.jpg,0
nev05714.jpg,0
nev05715.jpg,0
nev05716.jpg,0
nev05717.jpg,0
nev05718.jpg,0
nev05719.jpg,0
nev05720.jpg,0
nev05721.jpg,0
nev05722.jpg,0
nev05723.jpg,0
nev05724.jpg,0
nev05725.jpg,0
nev05726.jpg,0
nev05727.jpg,0
nev05728.jpg,0
nev05729.jpg,0
nev05730.jpg,0
nev05731.jpg,0
nev05732.jpg,0
nev05733.jpg,0
nev05734.jpg,0
nev05735.jpg,0
nev05736.jpg,0
nev05737.jpg,0
nev05738.jpg,0
nev05739.jpg,0
nev05740.jpg,0
nev05741.jpg,0
nev05742.jpg,0
nev05743.jpg,0
nev05744.jpg,0
nev05745.jpg,0
nev05746.jpg,0
nev05747.jpg,0
nev05748.jpg,0
nev05749.jpg,0
nev05750.jpg,0
nev05751.jpg,0
nev05752.jpg,0
nev05753.jpg,0
nev05754.jpg,0
nev05755.jpg,0
nev05756.jpg,0
nev05757.jpg,0
nev05758.jpg,0
nev05759.jpg,0
nev05760.jpg,0
nev05761.jpg,0
nev05762.jpg,0
nev05763.jpg,0
nev05764.jpg,0
nev05765.jpg,0
nev05766.jpg,0
nev05767.jpg,0
nev05768.jpg,0
nev05769.jpg,0
nev05770.jpg,0
nev05771.jpg,0
nev05772.jpg,0
nev05773.jpg,0
nev05774.jpg,0
nev05775.jpg,0
nev05776.jpg,0
nev05777.jpg,0
nev05778.jpg,0
nev05779.jpg,0
nev05780.jpg,0
nev05781.jpg,0
nev05782.jpg,0
nev05783.jpg,0
nev05784.jpg,0
nev05785.jpg,0
nev05786.jpg,0
nev05787.jpg,0
nev05788.jpg,0
nev05789.jpg,0
nev05790.jpg,0
nev05791.jpg,0
nev05792.jpg,0
nev05793.jpg,0
nev05794.jpg,0
nev05795.jpg,0
nev05796.jpg,0
nev05797.jpg,0
nev05798.jpg,0
nev05799.jpg,0
nev05800.jpg,0
nev05801.jpg,0
nev05802.jpg,0
nev05803.jpg,0
nev05804.jpg,0
nev05805.jpg,0
nev05806.jpg,0
nev05807.jpg,0
nev05808.jpg,0
nev05809.jpg,0
nev05810.jpg,0
nev05811.jpg,0
nev05812.jpg,0
nev05813.jpg,0
nev05814.jpg,0
nev05815.jpg,0
nev05816.jpg,0
nev05817.jpg,0
nev05818.jpg,0
nev05819.jpg,0
nev05820.jpg,0
nev05821.jpg,0
nev05822.jpg,0
nev05823.jpg,0
nev05824.jpg,0
nev05825.jpg,0
nev05826.jpg,0
nev05827.jpg,0
nev05828.jpg,0
nev05829.jpg,0
nev05830.jpg,0
nev05831.jpg,0
nev05832.jpg,0
nev05833.jpg,0
nev05834.jpg,0
nev05835.jpg,0
nev05836.jpg,0
nev05837.jpg,0
nev05838.jpg,0
nev05839.jpg,0
nev05840.jpg,0
nev05841.jpg,0
nev05842.jpg,0
nev05843.jpg,0
nev05844.jpg,0
nev05845.jpg,0
nev05846.jpg,0
nev05847.jpg,0
nev05848.jpg,0
nev05849.jpg,0
nev05850.jpg,0
nev05851.jpg,0
nev05852.jpg,0
nev05853.jpg,0
nev05854.jpg,0
nev05855.jpg,0
nev05856.jpg,0
nev05857.jpg,0
nev05858.jpg,0
nev05859.jpg,0
nev05860.jpg,0
nev05861.jpg,0
nev05862.jpg,0
nev05863.jpg,0
nev05864.jpg,0
nev05865.jpg,0
nev05866.jpg,0
nev05867.jpg,0
nev05868.jpg,0
nev05869.jpg,0
nev05870.jpg,0
nev05871.jpg,0
nev05872.jpg,0
nev05873.jpg,0
nev05874.jpg,0
nev05875.jpg,0
nev05876.jpg,0
nev05877.jpg,0
nev05878.jpg,0
nev05879.jpg,0
nev05880.jpg,0
nev05881.jpg,0
nev05882.jpg,0
nev05883.jpg,0
nev05884.jpg,0
nev05885.jpg,0
nev05886.jpg,0
nev05887.jpg,0
nev05888.jpg,0
nev05889.jpg,0
nev05890.jpg,0
nev05891.jpg,0
nev05892.jpg,0
nev05893.jpg,0
nev05894.jpg,0
nev05895.jpg,0
nev05896.jpg,0
nev05897.jpg,0
nev05898.jpg,0
nev05899.jpg,0
nev05900.jpg,0
nev05901.jpg,0
nev05902.jpg,0
nev05903.jpg,0
nev05904.jpg,0
nev05905.jpg,0
nev05906.jpg,0
nev05907.jpg,0
nev05908.jpg,0
nev05909.jpg,0
nev05910.jpg,0
nev05911.jpg,0
nev05912.jpg,0
nev05913.jpg,0
nev05914.jpg,0
nev05915.jpg,0
nev05916.jpg,0
nev05917.jpg,0
nev05918.jpg,0
nev05919.jpg,0
nev05920.jpg,0
nev05921.jpg,0
nev05922.jpg,0
nev05923.jpg,0
nev05924.jpg,0
nev05925.jpg,0
nev05926.jpg,0
nev05927.jpg,0
nev05928.jpg,0
nev05929.jpg,0
nev05930.jpg,0
nev05931.jpg,0
nev05932.jpg,0
nev05933.jpg,0
nev05934.jpg,0
nev05935.jpg,0
nev05936.jpg,0
nev05937.jpg,0
nev05938.jpg,0
nev05939.jpg,0
nev05940.jpg,0
nev05941.jpg,0
nev05942.jpg,0
nev05943.jpg,0
nev05944.jpg,0
nev05945.jpg,0
nev05946.jpg,0
nev05947.jpg,0
nev05948.jpg,0
nev05949.jpg,0
nev05950.jpg,0
nev05951.jpg,0
nev05952.jpg,0
nev05953.jpg,0
nev05954.jpg,0
nev05955.jpg,0
nev05956.jpg,0
nev05957.jpg,0
nev05958.jpg,0
nev05959.jpg,0
nev05960.jpg,0
nev05961.jpg,0
nev05962.jpg,0
nev05963.jpg,0
nev05964.jpg,0
nev05965.jpg,0
nev05966.jpg,0
nev05967.jpg,0
nev05968.jpg,0
nev05969.jpg,0
nev05970.jpg,0
nev05971.jpg,0
nev05972.jpg,0
nev05973.jpg,0
nev05974.jpg,0
nev05975.jpg,0
nev05976.jpg,0
nev05977.jpg,0
nev05978.jpg,0
nev05979.jpg,0
nev05980.jpg,0
nev05981.jpg,0
nev05982.jpg,0
nev05983.jpg,0
nev05984.jpg,0
nev05985.jpg,0
nev05986.jpg,0
nev05987.jpg,0
nev05988.jpg,0
nev05989.jpg,0
nev05990.jpg,0
nev05991.jpg,0
nev05992.jpg,0
nev05993.jpg,0
nev05994.jpg,0
nev05995.jpg,0
nev05996.jpg,0
nev05997.jpg,0
nev05998.jpg,0
nev05999.jpg,0
nev06000.jpg,0
nev06001.jpg,0
nev06002.jpg,0
nev06003.jpg,0
nev06004.jpg,0
nev06005.jpg,0
nev06006.jpg,0
nev06007.jpg,0
nev06008.jpg,0
nev06009.jpg,0
nev06010.jpg,0
nev06011.jpg,0
nev06012.jpg,0
nev06013.jpg,0
nev06014.jpg,0
nev06015.jpg,0
nev06016.jpg,0
nev06017.jpg,0
nev06018.jpg,0
nev06019.jpg,0
nev06020.jpg,0
nev06021.jpg,0
nev06022.jpg,0
nev06023.jpg,0
nev06024.jpg,0
nev06025.jpg,0
nev06026.jpg,0
nev06027.jpg,0
nev06028.jpg,0
nev06029.jpg,0
nev06030.jpg,0
nev06031.jpg,0
nev06032.jpg,0
nev06033.jpg,0
nev06034.jpg,0
nev06035.jpg,0
nev06036.jpg,0
nev06037.jpg,0
nev06038.jpg,0
nev06039.jpg,0
nev06040.jpg,0
nev06041.jpg,0
nev06042.jpg,0
nev06043.jpg,0
nev06044.jpg,0
nev06045.jpg,0
nev06046.jpg,0
nev06047.jpg,0
nev06048.jpg,0
nev06049.jpg,0
nev06050.jpg,0
nev06051.jpg,0
nev06052.jpg,0
nev06053.jpg,0
nev06054.jpg,0
nev06055.jpg,0
nev06056.jpg,0
nev06057.jpg,0
nev06058.jpg,0
nev06059.jpg,0
nev06060.jpg,0
nev06061.jpg,0
nev06062.jpg,0
nev06063.jpg,0
nev06064.jpg,0
nev06065.jpg,0
nev06066.jpg,0
nev06067.jpg,0
nev06068.jpg,0
nev06069.jpg,0
nev06070.jpg,0
nev06071.jpg,0
nev06072.jpg,0
nev06073.jpg,0
nev06074.jpg,0
nev06075.jpg,0
nev06076.jpg,0
nev06077.jpg,0
nev06078.jpg,0
nev06079.jpg,0
nev06080.jpg,0
nev06081.jpg,0
nev06082.jpg,0
nev06083.jpg,0
nev06084.jpg,0
nev06085.jpg,0
nev06086.jpg,0
nev06087.jpg,0
nev06088.jpg,0
nev06089.jpg,0
nev06090.jpg,0
nev06091.jpg,0
nev06092.jpg,0
nev06093.jpg,0
nev06094.jpg,0
nev06095.jpg,0
nev06096.jpg,0
nev06097.jpg,0
nev06098.jpg,0
nev06099.jpg,0
nev06100.jpg,0
nev06101.jpg,0
nev06102.jpg,0
nev06103.jpg,0
nev06104.jpg,0
nev06105.jpg,0
nev06106.jpg,0
nev06107.jpg,0
nev06108.jpg,0
nev06109.jpg,0
nev06110.jpg,0
nev06111.jpg,0
nev06112.jpg,0
nev06113.jpg,0
nev06114.jpg,0
nev06115.jpg,0
nev06116.jpg,0
nev06117.jpg,0
nev06118.jpg,0
nev06119.jpg,0
nev06120.jpg,0
nev06121.jpg,0
nev06122.jpg,0
nev06123.jpg,0
nev06124.jpg,0
nev06125.jpg,0
nev06126.jpg,0
nev06127.jpg,0
nev06128.jpg,0
nev06129.jpg,0
nev06130.jpg,0
nev06131.jpg,0
nev06132.jpg,0
nev06133.jpg,0
nev06134.jpg,0
nev06135.jpg,0
nev06136.jpg,0
nev06137.jpg,0
nev06138.jpg,0
nev06139.jpg,0
nev06140.jpg,0
nev06141.jpg,0
nev06142.jpg,0
nev06143.jpg,0
nev06144.jpg,0
nev06145.jpg,0
nev06146.jpg,0
nev06147.jpg,0
nev06148.jpg,0
nev06149.jpg,0
nev06150.jpg,0
nev06151.jpg,0
nev06152.jpg,0
nev06153.jpg,0
nev06154.jpg,0
nev06155.jpg,0
nev06156.jpg,0
nev06157.jpg,0
nev06158.jpg,0
nev06159.jpg,0
nev06160.jpg,0
nev06161.jpg,0
nev06162.jpg,0
nev06163.jpg,0
nev06164.jpg,0
nev06165.jpg,0
nev06166.jpg,0
nev06167.jpg,0
nev06168.jpg,0
nev06169.jpg,0
nev06170.jpg,0
nev06171.jpg,0
nev06172.jpg,0
nev06173.jpg,0
nev06174.jpg,0
nev06175.jpg,0
nev06176.jpg,0
nev06177.jpg,0
nev06178.jpg,0
nev06179.jpg,0
nev06180.jpg,0
nev06181.jpg,0
nev06182.jpg,0
nev06183.jpg,0
nev06184.jpg,0
nev06185.jpg,0
nev06186.jpg,0
nev06187.jpg,0
nev06188.jpg,0
nev06189.jpg,0
nev06190.jpg,0
nev06191.jpg,0
nev06192.jpg,0
nev06193.jpg,0
nev06194.jpg,0
nev06195.jpg,0
nev06196.jpg,0
nev06197.jpg,0
nev06198.jpg,0
nev06199.jpg,0
nev06200.jpg,0
nev06201.jpg,0
nev06202.jpg,0
nev06203.jpg,0
nev06204.jpg,0
nev06205.jpg,0
nev06206.jpg,0
nev06207.jpg,0
nev06208.jpg,0
nev06209.jpg,0
nev06210.jpg,0
nev06211.jpg,0
nev06212.jpg,0
nev06213.jpg,0
nev06214.jpg,0
nev06215.jpg,0
nev06216.jpg,0
nev06217.jpg,0
nev06218.jpg,0
nev06219.jpg,0
nev06220.jpg,0
nev06221.jpg,0
nev06222.jpg,0
nev06223.jpg,0
nev06224.jpg,0
nev06225.jpg,0
nev06226.jpg,0
nev06227.jpg,0
nev06228.jpg,0
nev06229.jpg,0
nev06230.jpg,0
nev06231.jpg,0
nev06232.jpg,0
nev06233.jpg,0
nev06234.jpg,0
nev06235.jpg,0
nev06236.jpg,0
nev06237.jpg,0
nev06238.jpg,0
nev06239.jpg,0
nev06240.jpg,0
nev06241.jpg,0
nev06242.jpg,0
nev06243.jpg,0
nev06244.jpg,0
nev06245.jpg,0
nev06246.jpg,0
nev06247.jpg,0
nev06248.jpg,0
nev06249.jpg,0
nev06250.jpg,0
nev06251.jpg,0
nev06252.jpg,0
nev06253.jpg,0
nev06254.jpg,0
nev06255.jpg,0
nev06256.jpg,0
nev06257.jpg,0
nev06258.jpg,0
nev06259.jpg,0
nev06260.jpg,0
nev06261.jpg,0
nev06262.jpg,0
nev06263.jpg,0
nev06264.jpg,0
nev06265.jpg,0
nev06266.jpg,0
nev06267.jpg,0
nev06268.jpg,0
nev06269.jpg,0
nev06270.jpg,0
nev06271.jpg,0
nev06272.jpg,0
nev06273.jpg,0
nev06274.jpg,0
nev06275.jpg,0
nev06276.jpg,0
nev06277.jpg,0
nev06278.jpg,0
nev06279.jpg,0
nev06280.jpg,0
nev06281.jpg,0
nev06282.jpg,0
nev06283.jpg,0
nev06284.jpg,0
nev06285.jpg,0
nev06286.jpg,0
nev06287.jpg,0
nev06288.jpg,0
nev06289.jpg,0
nev06290.jpg,0
nev06291.jpg,0
nev06292.jpg,0
nev06293.jpg,0
nev06294.jpg,0
nev06295.jpg,0
nev06296.jpg,0
nev06297.jpg,0
nev06298.jpg,0
nev06299.jpg,0
nev06300.jpg,0
nev06301.jpg,0
nev06302.jpg,0
nev06303.jpg,0
nev06304.jpg,0
nev06305.jpg,0
nev06306.jpg,0
nev06307.jpg,0
nev06308.jpg,0
nev06309.jpg,0
nev06310.jpg,0
nev06311.jpg,0
nev06312.jpg,0
nev06313.jpg,0
nev06314.jpg,0
nev06315.jpg,0
nev06316.jpg,0
nev06317.jpg,0
nev06318.jpg,0
nev06319.jpg,0
nev06320.jpg,0
nev06321.jpg,0
nev06322.jpg,0
nev06323.jpg,0
nev06324.jpg,0
nev06325.jpg,0
nev06326.jpg,0
nev06327.jpg,0
nev06328.jpg,0
nev06329.jpg,0
nev06330.jpg,0
nev06331.jpg,0
nev06332.jpg,0
nev06333.jpg,0
nev06334.jpg,0
nev06335.jpg,0
nev06336.jpg,0
nev06337.jpg,0
nev06338.jpg,0
nev06339.jpg,0
nev06340.jpg,0
nev06341.jpg,0
nev06342.jpg,0
nev06343.jpg,0
nev06344.jpg,0
nev06345.jpg,0
nev06346.jpg,0
nev06347.jpg,0
nev06348.jpg,0
nev06349.jpg,0
nev06350.jpg,0
nev06351.jpg,0
nev06352.jpg,0
nev06353.jpg,0
nev06354.jpg,0
nev06355.jpg,0
nev06356.jpg,0
nev06357.jpg,0
nev06358.jpg,0
nev06359.jpg,0
nev06360.jpg,0
nev06361.jpg,0
nev06362.jpg,0
nev06363.jpg,0
nev06364.jpg,0
nev06365.jpg,0
nev06366.jpg,0
nev06367.jpg,0
nev06368.jpg,0
nev06369.jpg,0
nev06370.jpg,0
nev06371.jpg,0
nev06372.jpg,0
nev06373.jpg,0
nev06374.jpg,0
nev06375.jpg,0
nev06376.jpg,0
nev06377.jpg,0
nev06378.jpg,0
nev06379.jpg,0
nev06380.jpg,0
nev06381.jpg,0
nev06382.jpg,0
nev06383.jpg,0
nev06384.jpg,0
nev06385.jpg,0
nev06386.jpg,0
nev06387.jpg,0
nev06388.jpg,0
nev06389.jpg,0
nev06390.jpg,0
nev06391.jpg,0
nev06392.jpg,0
nev06393.jpg,0
nev06394.jpg,0
nev06395.jpg,0
nev06396.jpg,0
nev06397.jpg,0
nev06398.jpg,0
nev06399.jpg,0
nev06400.jpg,0
nev06401.jpg,0
nev06402.jpg,0
nev06403.jpg,0
nev06404.jpg,0
nev06405.jpg,0
nev06406.jpg,0
nev06407.jpg,0
nev06408.jpg,0
nev06409.jpg,0
nev06410.jpg,0
nev06411.jpg,0
nev06412.jpg,0
nev06413.jpg,0
nev06414.jpg,0
nev06415.jpg,0
nev06416.jpg,0
nev06417.jpg,0
nev06418.jpg,0
nev06419.jpg,0
nev06420.jpg,0
nev06421.jpg,0
nev06422.jpg,0
nev06423.jpg,0
nev06424.jpg,0
nev06425.jpg,0
nev06426.jpg,0
nev06427.jpg,0
nev06428.jpg,0
nev06429.jpg,0
nev06430.jpg,0
nev06431.jpg,0
nev06432.jpg,0
nev06433.jpg,0
nev06434.jpg,0
nev06435.jpg,0
nev06436.jpg,0
nev06437.jpg,0
nev06438.jpg,0
nev06439.jpg,0
nev06440.jpg,0
nev06441.jpg,0
nev06442.jpg,0
nev06443.jpg,0
nev06444.jpg,0
nev06445.jpg,0
nev06446.jpg,0
nev06447.jpg,0
nev06448.jpg,0
nev06449.jpg,0
nev06450.jpg,0
nev06451.jpg,0
nev06452.jpg,0
nev06453.jpg,0
nev06454.jpg,0
nev06455.jpg,0
nev06456.jpg,0
nev06457.jpg,0
nev06458.jpg,0
nev06459.jpg,0
nev06460.jpg,0
nev06461.jpg,0
nev06462.jpg,0
nev06463.jpg,0
nev06464.jpg,0
nev06465.jpg,0
nev06466.jpg,0
nev06467.jpg,0
nev06468.jpg,0
nev06469.jpg,0
nev06470.jpg,0
nev06471.jpg,0
nev06472.jpg,0
nev06473.jpg,0
nev06474.jpg,0
nev06475.jpg,0
nev06476.jpg,0
nev06477.jpg,0
nev06478.jpg,0
nev06479.jpg,0
nev06480.jpg,0
nev06481.jpg,0
nev06482.jpg,0
nev06483.jpg,0
nev06484.jpg,0
nev06485.jpg,0
nev06486.jpg,0
nev06487.jpg,0
nev06488.jpg,0
nev06489.jpg,0
nev06490.jpg,0
nev06491.jpg,0
nev06492.jpg,0
nev06493.jpg,0
nev06494.jpg,0
nev06495.jpg,0
nev06496.jpg,0
nev06497.jpg,0
nev06498.jpg,0
nev06499.jpg,0
nev06500.jpg,0
nev06501.jpg,0
nev06502.jpg,0
nev06503.jpg,0
nev06504.jpg,0
nev06505.jpg,0
nev06506.jpg,0
nev06507.jpg,0
nev06508.jpg,0
nev06509.jpg,0
nev06510.jpg,0
nev06511.jpg,0
nev06512.jpg,0
nev06513.jpg,0
nev06514.jpg,0
nev06515.jpg,0
nev06516.jpg,0
nev06517.jpg,0
nev06518.jpg,0
nev06519.jpg,0
nev06520.jpg,0
nev06521.jpg,0
nev06522.jpg,0
nev06523.jpg,0
nev06524.jpg,0
nev06525.jpg,0
nev06526.jpg,0
nev06527.jpg,0
nev06528.jpg,0
nev06529.jpg,0
nev06530.jpg,0
nev06531.jpg,0
nev06532.jpg,0
nev06533.jpg,0
nev06534.jpg,0
nev06535.jpg,0
nev06536.jpg,0
nev06537.jpg,0
nev06538.jpg,0
nev06539.jpg,0
nev06540.jpg,0
nev06541.jpg,0
nev06542.jpg,0
nev06543.jpg,0
nev06544.jpg,0
nev06545.jpg,0
nev06546.jpg,0
nev06547.jpg,0
nev06548.jpg,0
nev06549.jpg,0
nev06550.jpg,0
nev06551.jpg,0
nev06552.jpg,0
nev06553.jpg,0
nev06554.jpg,0
nev06555.jpg,0
nev06556.jpg,0
nev06557.jpg,0
nev06558.jpg,0
nev06559.jpg,0
nev06560.jpg,0
nev06561.jpg,0
nev06562.jpg,0
nev06563.jpg,0
nev06564.jpg,0
nev06565.jpg,0
nev06566.jpg,0
nev06567.jpg,0
nev06568.jpg,0
nev06569.jpg,0
nev06570.jpg,0
nev06571.jpg,0
nev06572.jpg,0
nev06573.jpg,0
nev06574.jpg,0
nev06575.jpg,0
nev06576.jpg,0
nev06577.jpg,0
nev06578.jpg,0
nev06579.jpg,0
nev06580.jpg,0
nev06581.jpg,0
nev06582.jpg,0
nev06583.jpg,0
nev06584.jpg,0
nev06585.jpg,0
nev06586.jpg,0
nev06587.jpg,0
nev06588.jpg,0
nev06589.jpg,0
nev06590.jpg,0
nev06591.jpg,0
nev06592.jpg,0
nev06593.jpg,0
nev06594.jpg,0
nev06595.jpg,0
nev06596.jpg,0
nev06597.jpg,0
nev06598.jpg,0
nev06599.jpg,0
nev06600.jpg,0
nev06601.jpg,0
nev06602.jpg,0
nev06603.jpg,0
nev06604.jpg,0
nev06605.jpg,0
nev06606.jpg,0
nev06607.jpg,0
nev06608.jpg,0
nev06609.jpg,0
nev06610.jpg,0
nev06611.jpg,0
nev06612.jpg,0
nev06613.jpg,0
nev06614.jpg,0
nev06615.jpg,0
nev06616.jpg,0
nev06617.jpg,0
nev06618.jpg,0
nev06619.jpg,0
nev06620.jpg,0
nev06621.jpg,0
nev06622.jpg,0
nev06623.jpg,0
nev06624.jpg,0
nev06625.jpg,0
nev06626.jpg,0
nev06627.jpg,0
nev06628.jpg,0
nev06629.jpg,0
nev06630.jpg,0
nev06631.jpg,0
nev06632.jpg,0
nev06633.jpg,0
nev06634.jpg,0
nev06635.jpg,0
nev06636.jpg,0
nev06637.jpg,0
nev06638.jpg,0
nev06639.jpg,0
nev06640.jpg,0
nev06641.jpg,0
nev06642.jpg,0
nev06643.jpg,0
nev06644.jpg,0
nev06645.jpg,0
nev06646.jpg,0
nev06647.jpg,0
nev06648.jpg,0
nev06649.jpg,0
nev06650.jpg,0
nev06651.jpg,0
nev06652.jpg,0
nev06653.jpg,0
nev06654.jpg,0
nev06655.jpg,0
nev06656.jpg,0
nev06657.jpg,0
nev06658.jpg,0
nev06659.jpg,0
nev06660.jpg,0
nev06661.jpg,0
nev06662.jpg,0
nev06663.jpg,0
nev06664.jpg,0
nev06665.jpg,0
nev06666.jpg,0
nev06667.jpg,0
nev06668.jpg,0
nev06669.jpg,0
nev06670.jpg,0
nev06671.jpg,0
nev06672.jpg,0
nev06673.jpg,0
nev06674.jpg,0
nev06675.jpg,0
nev06676.jpg,0
nev06677.jpg,0
nev06678.jpg,0
nev06679.jpg,0
nev06680.jpg,0
nev06681.jpg,0
nev06682.jpg,0
nev06683.jpg,0
nev06684.jpg,0
nev06685.jpg,0
nev06686.jpg,0
nev06687.jpg,0
nev06688.jpg,0
nev06689.jpg,0
nev06690.jpg,0
nev06691.jpg,0
nev06692.jpg,0
nev06693.jpg,0
nev06694.jpg,0
nev06695.jpg,0
nev06696.jpg,0
nev06697.jpg,0
nev06698.jpg,0
nev06699.jpg,0
nev06700.jpg,0
nev06701.jpg,0
nev06702.jpg,0
nev06703.jpg,0
nev06704.jpg,0
nev06705.jpg,0
nev06706.jpg,0
nev06707.jpg,0
nev06708.jpg,0
nev06709.jpg,0
nev06710.jpg,0
nev06711.jpg,0
nev06712.jpg,0
nev06713.jpg,0
nev06714.jpg,0
nev06715.jpg,0
nev06716.jpg,0
nev06717.jpg,0
nev06718.jpg,0
nev06719.jpg,0
nev06720.jpg,0
nev06721.jpg,0
nev06722.jpg,0
nev06723.jpg,0
nev06724.jpg,0
nev06725.jpg,0
nev06726.jpg,0
nev06727.jpg,0
nev06728.jpg,0
nev06729.jpg,0
nev06730.jpg,0
nev06731.jpg,0
nev06732.jpg,0
nev06733.jpg,0
nev06734.jpg,0
nev06735.jpg,0
nev06736.jpg,0
nev06737.jpg,0
nev06738.jpg,0
nev06739.jpg,0
nev06740.jpg,0
nev06741.jpg,0
nev06742.jpg,0
nev06743.jpg,0
nev06744.jpg,0
nev06745.jpg,0
nev06746.jpg,0
nev06747.jpg,0
nev06748.jpg,0
nev06749.jpg,0
nev06750.jpg,0
nev06751.jpg,0
nev06752.jpg,0
nev06753.jpg,0
nev06754.jpg,0
nev06755.jpg,0
nev06756.jpg,0
nev06757.jpg,0
nev06758.jpg,0
nev06759.jpg,0
nev06760.jpg,0
nev06761.jpg,0
nev06762.jpg,0
nev06763.jpg,0
nev06764.jpg,0
nev06765.jpg,0
nev06766.jpg,0
nev06767.jpg,0
nev06768.jpg,0
nev06769.jpg,0
nev06770.jpg,0
nev06771.jpg,0
nev06772.jpg,0
nev06773.jpg,0
nev06774.jpg,0
nev06775.jpg,0
nev06776.jpg,0
nev06777.jpg,0
nev06778.jpg,0
nev06779.jpg,0
nev06780.jpg,0
nev06781.jpg,0
nev06782.jpg,0
nev06783.jpg,0
nev06784.jpg,0
nev06785.jpg,0
nev06786.jpg,0
nev06787.jpg,0
nev06788.jpg,0
nev06789.jpg,0
nev06790.jpg,0
nev06791.jpg,0
nev06792.jpg,0
nev06793.jpg,0
nev06794.jpg,0
nev06795.jpg,0
nev06796.jpg,0
nev06797.jpg,0
nev06798.jpg,0
nev06799.jpg,0
nev06800.jpg,0
nev06801.jpg,0
nev06802.jpg,0
nev06803.jpg,0
nev06804.jpg,0
nev06805.jpg,0
nev06806.jpg,0
nev06807.jpg,0
nev06808.jpg,0
nev06809.jpg,0
nev06810.jpg,0
nev06811.jpg,0
nev06812.jpg,0
nev06813.jpg,0
nev06814.jpg,0
nev06815.jpg,0
nev06816.jpg,0
nev06817.jpg,0
nev06818.jpg,0
nev06819.jpg,0
nev06820.jpg,0
nev06821.jpg,0
nev06822.jpg,0
nev06823.jpg,0
nev06824.jpg,0
nev06825.jpg,0
nev06826.jpg,0
nev06827.jpg,0
nev06828.jpg,0
nev06829.jpg,0
nev06830.jpg,0
nev06831.jpg,0
nev06832.jpg,0
nev06833.jpg,0
nev06834.jpg,0
nev06835.jpg,0
nev06836.jpg,0
nev06837.jpg,0
nev06838.jpg,0
nev06839.jpg,0
nev06840.jpg,0
nev06841.jpg,0
nev06842.jpg,0
nev06843.jpg,0
nev06844.jpg,0
nev06845.jpg,0
nev06846.jpg,0
nev06847.jpg,0
nev06848.jpg,0
nev06849.jpg,0
nev06850.jpg,0
nev06851.jpg,0
nev06852.jpg,0
nev06853.jpg,0
nev06854.jpg,0
nev06855.jpg,0
nev06856.jpg,0
nev06857.jpg,0
nev06858.jpg,0
nev06859.jpg,0
nev06860.jpg,0
nev06861.jpg,0
nev06862.jpg,0
nev06863.jpg,0
nev06864.jpg,0
nev06865.jpg,0
nev06866.jpg,0
nev06867.jpg,0
nev06868.jpg,0
nev06869.jpg,0
nev06870.jpg,0
nev06871.jpg,0
nev06872.jpg,0
nev06873.jpg,0
nev06874.jpg,0
nev06875.jpg,0
nev06876.jpg,0
nev06877.jpg,0
nev06878.jpg,0
nev06879.jpg,0
nev06880.jpg,0
nev06881.jpg,0
nev06882.jpg,0
nev06883.jpg,0
nev06884.jpg,0
nev06885.jpg,0
nev06886.jpg,0
nev06887.jpg,0
nev06888.jpg,0
nev06889.jpg,0
nev06890.jpg,0
nev06891.jpg,0
nev06892.jpg,0
nev06893.jpg,0
nev06894.jpg,0
nev06895.jpg,0
nev06896.jpg,0
nev06897.jpg,0
nev06898.jpg,0
nev06899.jpg,0
nev06900.jpg,0
nev06901.jpg,0
nev06902.jpg,0
nev06903.jpg,0
nev06904.jpg,0
nev06905.jpg,0
nev06906.jpg,0
nev06907.jpg,0
nev06908.jpg,0
nev06909.jpg,0
nev06910.jpg,0
nev06911.jpg,0
nev06912.jpg,0
nev06913.jpg,0
nev06914.jpg,0
nev06915.jpg,0
nev06916.jpg,0
nev06917.jpg,0
nev06918.jpg,0
nev06919.jpg,0
nev06920.jpg,0
nev06921.jpg,0
nev06922.jpg,0
nev06923.jpg,0
nev06924.jpg,0
nev06925.jpg,0
nev06926.jpg,0
nev06927.jpg,0
nev06928.jpg,0
nev06929.jpg,0
nev06930.jpg,0
nev06931.jpg,0
nev06932.jpg,0
nev06933.jpg,0
nev06934.jpg,0
nev06935.jpg,0
nev06936.jpg,0
nev06937.jpg,0
nev06938.jpg,0
nev06939.jpg,0
nev06940.jpg,0
nev06941.jpg,0
nev06942.jpg,0
nev06943.jpg,0
nev06944.jpg,0
nev06945.jpg,0
nev06946.jpg,0
nev06947.jpg,0
nev06948.jpg,0
nev06949.jpg,0
nev06950.jpg,0
nev06951.jpg,0
nev06952.jpg,0
nev06953.jpg,0
nev06954.jpg,0
nev06955.jpg,0
nev06956.jpg,0
nev06957.jpg,0
nev06958.jpg,0
nev06959.jpg,0
nev06960.jpg,0
nev06961.jpg,0
nev06962.jpg,0
nev06963.jpg,0
nev06964.jpg,0
nev06965.jpg,0
nev06966.jpg,0
nev06967.jpg,0
nev06968.jpg,0
nev06969.jpg,0
nev06970.jpg,0
nev06971.jpg,0
nev06972.jpg,0
nev06973.jpg,0
nev06974.jpg,0
nev06975.jpg,0
nev06976.jpg,0
nev06977.jpg,0
nev06978.jpg,0
nev06979.jpg,0
nev06980.jpg,0
nev06981.jpg,0
nev06982.jpg,0
nev06983.jpg,0
nev06984.jpg,0
nev06985.jpg,0
nev06986.jpg,0
nev06987.jpg,0
nev06988.jpg,0
nev06989.jpg,0
nev06990.jpg,0
nev06991.jpg,0
nev06992.jpg,0
nev06993.jpg,0
nev06994.jpg,0
nev06995.jpg,0
nev06996.jpg,0
nev06997.jpg,0
nev06998.jpg,0
nev06999.jpg,0
nev07000.jpg,0
nev07001.jpg,0
nev07002.jpg,0
nev07003.jpg,0
nev07004.jpg,0
nev07005.jpg,0
nev07006.jpg,0
nev07007.jpg,0
nev07008.jpg,0
nev07009.jpg,0
nev07010.jpg,0
nev07011.jpg,0
nev07012.jpg,0
nev07013.jpg,0
nev07014.jpg,0
nev07015.jpg,0
nev07016.jpg,0
nev07017.jpg,0
nev07018.jpg,0
nev07019.jpg,0
nev07020.jpg,0
nev07021.jpg,0
nev07022.jpg,0
nev07023.jpg,0
nev07024.jpg,0
nev07025.jpg,0
nev07026.jpg,0
nev07027.jpg,0
nev07028.jpg,0
nev07029.jpg,0
nev07030.jpg,0
nev07031.jpg,0
nev07032.jpg,0
nev07033.jpg,0
nev07034.jpg,0
nev07035.jpg,0
nev07036.jpg,0
nev07037.jpg,0
nev07038.jpg,0
nev07039.jpg,0
nev07040.jpg,0
nev07041.jpg,0
nev07042.jpg,0
nev07043.jpg,0
nev07044.jpg,0
nev07045.jpg,0
nev07046.jpg,0
nev07047.jpg,0
nev07048.jpg,0
nev07049.jpg,0
nev07050.jpg,0
nev07051.jpg,0
nev07052.jpg,0
nev07053.jpg,0
nev07054.jpg,0
nev07055.jpg,0
nev07056.jpg,0
nev07057.jpg,0
nev07058.jpg,0
nev07059.jpg,0
nev07060.jpg,0
nev07061.jpg,0
nev07062.jpg,0
nev07063.jpg,0
nev07064.jpg,0
nev07065.jpg,0
nev07066.jpg,0
nev07067.jpg,0
nev07068.jpg,0
nev07069.jpg,0
nev07070.jpg,0
nev07071.jpg,0
nev07072.jpg,0
nev07073.jpg,0
nev07074.jpg,0
nev07075.jpg,0
nev07076.jpg,0
nev07077.jpg,0
nev07078.jpg,0
nev07079.jpg,0
nev07080.jpg,0
nev07081.jpg,0
nev07082.jpg,0
nev07083.jpg,0
nev07084.jpg,0
nev07085.jpg,0
nev07086.jpg,0
nev07087.jpg,0
nev07088.jpg,0
nev07089.jpg,0
nev07090.jpg,0
nev07091.jpg,0
nev07092.jpg,0
nev07093.jpg,0
nev07094.jpg,0
nev07095.jpg,0
nev07096.jpg,0
nev07097.jpg,0
nev07098.jpg,0
nev07099.jpg,0
nev07100.jpg,0
nev07101.jpg,0
nev07102.jpg,0
nev07103.jpg,0
nev07104.jpg,0
nev07105.jpg,0
nev07106.jpg,0
nev07107.jpg,0
nev07108.jpg,0
nev07109.jpg,0
nev07110.jpg,0
nev07111.jpg,0
nev07112.jpg,0
nev07113.jpg,0
nev07114.jpg,0
nev07115.jpg,0
nev07116.jpg,0
nev07117.jpg,0
nev07118.jpg,0
nev07119.jpg,0
nev07120.jpg,0
nev07121.jpg,0
nev07122.jpg,0
nev07123.jpg,0
nev07124.jpg,0
nev07125.jpg,0
nev07126.jpg,0
nev07127.jpg,0
nev07128.jpg,0
nev07129.jpg,0
nev07130.jpg,0
nev07131.jpg,0
nev07132.jpg,0
nev07133.jpg,0
nev07134.jpg,0
nev07135.jpg,0
nev07136.jpg,0
nev07137.jpg,0
nev07138.jpg,0
nev07139.jpg,0
nev07140.jpg,0
nev07141.jpg,0
nev07142.jpg,0
nev07143.jpg,0
nev07144.jpg,0
nev07145.jpg,0
nev07146.jpg,0
nev07147.jpg,0
nev07148.jpg,0
nev07149.jpg,0
nev07150.jpg,0
nev07151.jpg,0
nev07152.jpg,0
nev07153.jpg,0
nev07154.jpg,0
nev07155.jpg,0
nev07156.jpg,0
nev07157.jpg,0
nev07158.jpg,0
nev07159.jpg,0
nev07160.jpg,0
nev07161.jpg,0
nev07162.jpg,0
nev07163.jpg,0
nev07164.jpg,0
nev07165.jpg,0
nev07166.jpg,0
nev07167.jpg,0
nev07168.jpg,0
nev07169.jpg,0
nev07170.jpg,0
nev07171.jpg,0
nev07172.jpg,0
nev07173.jpg,0
nev07174.jpg,0
nev07175.jpg,0
nev07176.jpg,0
nev07177.jpg,0
nev07178.jpg,0
nev07179.jpg,0
nev07180.jpg,0
nev07181.jpg,0
nev07182.jpg,0
nev07183.jpg,0
nev07184.jpg,0
nev07185.jpg,0
nev07186.jpg,0
nev07187.jpg,0
nev07188.jpg,0
nev07189.jpg,0
nev07190.jpg,0
nev07191.jpg,0
nev07192.jpg,0
nev07193.jpg,0
nev07194.jpg,0
nev07195.jpg,0
nev07196.jpg,0
nev07197.jpg,0
nev07198.jpg,0
nev07199.jpg,0
nev07200.jpg,0
nev07201.jpg,0
nev07202.jpg,0
nev07203.jpg,0
nev07204.jpg,0
nev07205.jpg,0
nev07206.jpg,0
nev07207.jpg,0
nev07208.jpg,0
nev07209.jpg,0
nev07210.jpg,0
nev07211.jpg,0
nev07212.jpg,0
nev07213.jpg,0
nev07214.jpg,0
nev07215.jpg,0
nev07216.jpg,0
nev07217.jpg,0
nev07218.jpg,0
nev07219.jpg,0
nev07220.jpg,0
nev07221.jpg,0
nev07222.jpg,0
nev07223.jpg,0
nev07224.jpg,0
nev07225.jpg,0
nev07226.jpg,0
nev07227.jpg,0
nev07228.jpg,0
nev07229.jpg,0
nev07230.jpg,0
nev07231.jpg,0
nev07232.jpg,0
nev07233.jpg,0
nev07234.jpg,0
nev07235.jpg,0
nev07236.jpg,0
nev07237.jpg,0
nev07238.jpg,0
nev07239.jpg,0
nev07240.jpg,0
nev07241.jpg,0
nev07242.jpg,0
nev07243.jpg,0
nev07244.jpg,0
nev07245.jpg,0
nev07246.jpg,0
nev07247.jpg,0
nev07248.jpg,0
nev07249.jpg,0
nev07250.jpg,0
nev07251.jpg,0
nev07252.jpg,0
nev07253.jpg,0
nev07254.jpg,0
nev07255.jpg,0
nev07256.jpg,0
nev07257.jpg,0
nev07258.jpg,0
nev07259.jpg,0
nev07260.jpg,0
nev07261.jpg,0
nev07262.jpg,0
nev07263.jpg,0
nev07264.jpg,0
nev07265.jpg,0
nev07266.jpg,0
nev07267.jpg,0
nev07268.jpg,0
nev07269.jpg,0
nev07270.jpg,0
nev07271.jpg,0
nev07272.jpg,0
nev07273.jpg,0
nev07274.jpg,0
nev07275.jpg,0
nev07276.jpg,0
nev07277.jpg,0
nev07278.jpg,0
nev07279.jpg,0
nev07280.jpg,0
nev07281.jpg,0
nev07282.jpg,0
nev07283.jpg,0
nev07284.jpg,0
nev07285.jpg,0
nev07286.jpg,0
nev07287.jpg,0
nev07288.jpg,0
nev07289.jpg,0
nev07290.jpg,0
nev07291.jpg,0
nev07292.jpg,0
nev07293.jpg,0
nev07294.jpg,0
nev07295.jpg,0
nev07296.jpg,0
nev07297.jpg,0
nev07298.jpg,0
nev07299.jpg,0
nev07300.jpg,0
nev07301.jpg,0
nev07302.jpg,0
nev07303.jpg,0
nev07304.jpg,0
nev07305.jpg,0
nev07306.jpg,0
nev07307.jpg,0
nev07308.jpg,0
nev07309.jpg,0
nev07310.jpg,0
nev07311.jpg,0
nev07312.jpg,0
nev07313.jpg,0
nev07314.jpg,0
nev07315.jpg,0
nev07316.jpg,0
nev07317.jpg,0
nev07318.jpg,0
nev07319.jpg,0
nev07320.jpg,0
nev07321.jpg,0
nev07322.jpg,0
nev07323.jpg,0
nev07324.jpg,0
nev07325.jpg,0
nev07326.jpg,0
nev07327.jpg,0
nev07328.jpg,0
nev07329.jpg,0
nev07330.jpg,0
nev07331.jpg,0
nev07332.jpg,0
nev07333.jpg,0
nev07334.jpg,0
nev07335.jpg,0
nev07336.jpg,0
nev07337.jpg,0
nev07338.jpg,0
nev07339.jpg,0
nev07340.jpg,0
nev07341.jpg,0
nev07342.jpg,0
nev07343.jpg,0
nev07344.jpg,0
nev07345.jpg,0
nev07346.jpg,0
nev07347.jpg,0
nev07348.jpg,0
nev07349.jpg,0
nev07350.jpg,0
nev07351.jpg,0
nev07352.jpg,0
nev07353.jpg,0
nev07354.jpg,0
nev07355.jpg,0
nev07356.jpg,0
nev07357.jpg,0
nev07358.jpg,0
nev07359.jpg,0
nev07360.jpg,0
nev07361.jpg,0
nev07362.jpg,0
nev07363.jpg,0
nev07364.jpg,0
nev07365.jpg,0
nev07366.jpg,0
nev07367.jpg,0
nev07368.jpg,0
nev07369.jpg,0
nev07370.jpg,0
nev07371.jpg,0
nev07372.jpg,0
nev07373.jpg,0
nev07374.jpg,0
nev07375.jpg,0
nev07376.jpg,0
nev07377.jpg,0
nev07378.jpg,0
nev07379.jpg,0
nev07380.jpg,0
nev07381.jpg,0
nev07382.jpg,0
nev07383.jpg,0
nev07384.jpg,0
nev07385.jpg,0
nev07386.jpg,0
nev07387.jpg,0
nev07388.jpg,0
nev07389.jpg,0
nev07390.jpg,0
nev07391.jpg,0
nev07392.jpg,0
nev07393.jpg,0
nev07394.jpg,0
nev07395.jpg,0
nev07396.jpg,0
nev07397.jpg,0
nev07398.jpg,0
nev07399.jpg,0
nev07400.jpg,0
nev07401.jpg,0
nev07402.jpg,0
nev07403.jpg,0
nev07404.jpg,0
nev07405.jpg,0
nev07406.jpg,0
nev07407.jpg,0
nev07408.jpg,0
nev07409.jpg,0
nev07410.jpg,0
nev07411.jpg,0
nev07412.jpg,0
nev07413.jpg,0
nev07414.jpg,0
nev07415.jpg,0
nev07416.jpg,0
nev07417.jpg,0
nev07418.jpg,0
nev07419.jpg,0
nev07420.jpg,0
nev07421.jpg,0
nev07422.jpg,0
nev07423.jpg,0
nev07424.jpg,0
nev07425.jpg,0
nev07426.jpg,0
nev07427.jpg,0
nev07428.jpg,0
nev07429.jpg,0
nev07430.jpg,0
nev07431.jpg,0
nev07432.jpg,0
nev07433.jpg,0
nev07434.jpg,0
nev07435.jpg,0
nev07436.jpg,0
nev07437.jpg,0
nev07438.jpg,0
nev07439.jpg,0
nev07440.jpg,0
nev07441.jpg,0
nev07442.jpg,0
nev07443.jpg,0
nev07444.jpg,0
nev07445.jpg,0
nev07446.jpg,0
nev07447.jpg,0
nev07448.jpg,0
nev07449.jpg,0
nev07450.jpg,0
nev07451.jpg,0
nev07452.jpg,0
nev07453.jpg,0
nev07454.jpg,0
nev07455.jpg,0
nev07456.jpg,0
nev07457.jpg,0
nev07458.jpg,0
nev07459.jpg,0
nev07460.jpg,0
nev07461.jpg,0
nev07462.jpg,0
nev07463.jpg,0
nev07464.jpg,0
nev07465.jpg,0
nev07466.jpg,0
nev07467.jpg,0
nev07468.jpg,0
nev07469.jpg,0
nev07470.jpg,0
nev07471.jpg,0
nev07472.jpg,0
nev07473.jpg,0
nev07474.jpg,0
nev07475.jpg,0
nev07476.jpg,0
nev07477.jpg,0
nev07478.jpg,0
nev07479.jpg,0
nev07480.jpg,0
nev07481.jpg,0
nev07482.jpg,0
nev07483.jpg,0
nev07484.jpg,0
nev07485.jpg,0
nev07486.jpg,0
nev07487.jpg,0
nev07488.jpg,0
nev07489.jpg,0
nev07490.jpg,0
nev07491.jpg,0
nev07492.jpg,0
nev07493.jpg,0
nev07494.jpg,0
nev07495.jpg,0
nev07496.jpg,0
nev07497.jpg,0
nev07498.jpg,0
nev07499.jpg,0
nev07500.jpg,0
nev07501.jpg,0
nev07502.jpg,0
nev07503.jpg,0
nev07504.jpg,0
nev07505.jpg,0
nev07506.jpg,0
nev07507.jpg,0
nev07508.jpg,0
nev07509.jpg,0
nev07510.jpg,0
nev07511.jpg,0
nev07512.jpg,0
nev07513.jpg,0
nev07514.jpg,0
nev07515.jpg,0
nev07516.jpg,0
nev07517.jpg,0
nev07518.jpg,0
nev07519.jpg,0
nev07520.jpg,0
nev07521.jpg,0
nev07522.jpg,0
nev07523.jpg,0
nev07524.jpg,0
nev07525.jpg,0
nev07526.jpg,0
nev07527.jpg,0
nev07528.jpg,0
nev07529.jpg,0
nev07530.jpg,0
nev07531.jpg,0
nev07532.jpg,0
nev07533.jpg,0
nev07534.jpg,0
nev07535.jpg,0
nev07536.jpg,0
nev07537.jpg,0
nev07538.jpg,0
nev07539.jpg,0
nev07540.jpg,0
nev07541.jpg,0
nev07542.jpg,0
nev07543.jpg,0
nev07544.jpg,0
nev07545.jpg,0
nev07546.jpg,0
nev07547.jpg,0
nev07548.jpg,0
nev07549.jpg,0
nev07550.jpg,0
nev07551.jpg,0
nev07552.jpg,0
nev07553.jpg,0
nev07554.jpg,0
nev07555.jpg,0
nev07556.jpg,0
nev07557.jpg,0
nev07558.jpg,0
nev07559.jpg,0
nev07560.jpg,0
nev07561.jpg,0
nev07562.jpg,0
nev07563.jpg,0
nev07564.jpg,0
nev07565.jpg,0
nev07566.jpg,0
nev07567.jpg,0
nev07568.jpg,0
nev07569.jpg,0
nev07570.jpg,0
nev07571.jpg,0
nev07572.jpg,0
nev07573.jpg,0
nev07574.jpg,0
nev07575.jpg,0
nev07576.jpg,0
nev07577.jpg,0
nev07578.jpg,0
nev07579.jpg,0
nev07580.jpg,0
nev07581.jpg,0
nev07582.jpg,0
nev07583.jpg,0
nev07584.jpg,0
nev07585.jpg,0
nev07586.jpg,0
nev07587.jpg,0
nev07588.jpg,0
nev07589.jpg,0
nev07590.jpg,0
nev07591.jpg,0
nev07592.jpg,0
nev07593.jpg,0
nev07594.jpg,0
nev07595.jpg,0
nev07596.jpg,0
nev07597.jpg,0
nev07598.jpg,0
nev07599.jpg,0
nev07600.jpg,0
nev07601.jpg,0
nev07602.jpg,0
nev07603.jpg,0
nev07604.jpg,0
nev07605.jpg,0
nev07606.jpg,0
nev07607.jpg,0
nev07608.jpg,0
nev07609.jpg,0
nev07610.jpg,0
nev07611.jpg,0
nev07612.jpg,0
nev07613.jpg,0
nev07614.jpg,0
nev07615.jpg,0
nev07616.jpg,0
nev07617.jpg,0
nev07618.jpg,0
nev07619.jpg,0
nev07620.jpg,0
nev07621.jpg,0
nev07622.jpg,0
nev07623.jpg,0
nev07624.jpg,0
nev07625.jpg,0
nev07626.jpg,0
nev07627.jpg,0
nev07628.jpg,0
nev07629.jpg,0
nev07630.jpg,0
nev07631.jpg,0
nev07632.jpg,0
nev07633.jpg,0
nev07634.jpg,0
nev07635.jpg,0
nev07636.jpg,0
nev07637.jpg,0
nev07638.jpg,0
nev07639.jpg,0
nev07640.jpg,0
nev07641.jpg,0
nev07642.jpg,0
nev07643.jpg,0
nev07644.jpg,0
nev07645.jpg,0
nev07646.jpg,0
nev07647.jpg,0
nev07648.jpg,0
nev07649.jpg,0
nev07650.jpg,0
nev07651.jpg,0
nev07652.jpg,0
nev07653.jpg,0
nev07654.jpg,0
nev07655.jpg,0
nev07656.jpg,0
nev07657.jpg,0
nev07658.jpg,0
nev07659.jpg,0
nev07660.jpg,0
nev07661.jpg,0
nev07662.jpg,0
nev07663.jpg,0
nev07664.jpg,0
nev07665.jpg,0
nev07666.jpg,0
nev07667.jpg,0
nev07668.jpg,0
nev07669.jpg,0
nev07670.jpg,0
nev07671.jpg,0
nev07672.jpg,0
nev07673.jpg,0
nev07674.jpg,0
nev07675.jpg,0
nev07676.jpg,0
nev07677.jpg,0
nev07678.jpg,0
nev07679.jpg,0
nev07680.jpg,0
nev07681.jpg,0
nev07682.jpg,0
nev07683.jpg,0
nev07684.jpg,0
nev07685.jpg,0
nev07686.jpg,0
nev07687.jpg,0
nev07688.jpg,0
nev07689.jpg,0
nev07690.jpg,0
nev07691.jpg,0
nev07692.jpg,0
nev07693.jpg,0
nev07694.jpg,0
nev07695.jpg,0
nev07696.jpg,0
nev07697.jpg,0
nev07698.jpg,0
nev07699.jpg,0
nev07700.jpg,0
nev07701.jpg,0
nev07702.jpg,0
nev07703.jpg,0
nev07704.jpg,0
nev07705.jpg,0
nev07706.jpg,0
nev07707.jpg,0
nev07708.jpg,0
nev07709.jpg,0
nev07710.jpg,0
nev07711.jpg,0
nev07712.jpg,0
nev07713.jpg,0
nev07714.jpg,0
nev07715.jpg,0
nev07716.jpg,0
nev07717.jpg,0
nev07718.jpg,0
nev07719.jpg,0
nev07720.jpg,0
nev07721.jpg,0
nev07722.jpg,0
nev07723.jpg,0
nev07724.jpg,0
nev07725.jpg,0
ack00001.jpg,1
ack00002.jpg,1
ack00003.jpg,1
ack00004.jpg,1
ack00005.jpg,1
ack00006.jpg,1
ack00007.jpg,1
ack00008.jpg,1
ack00009.jpg,1
ack00010.jpg,1
ack00011.jpg,1
ack00012.jpg,1
ack00013.jpg,1
ack00014.jpg,1
ack00015.jpg,1
ack00016.jpg,1
ack00017.jpg,1
ack00018.jpg,1
ack00019.jpg,1
ack00020.jpg,1
ack00021.jpg,1
ack00022.jpg,1
ack00023.jpg,1
ack00024.jpg,1
ack00025.jpg,1
ack00026.jpg,1
ack00027.jpg,1
ack00028.jpg,1
ack00029.jpg,1
ack00030.jpg,1
ack00031.jpg,1
ack00032.jpg,1
ack00033.jpg,1
ack00034.jpg,1
ack00035.jpg,1
ack00036.jpg,1
ack00037.jpg,1
ack00038.jpg,1
ack00039.jpg,1
ack00040.jpg,1
ack00041.jpg,1
ack00042.jpg,1
ack00043.jpg,1
ack00044.jpg,1
ack00045.jpg,1
ack00046.jpg,1
ack00047.jpg,1
ack00048.jpg,1
ack00049.jpg,1
ack00050.jpg,1
ack00051.jpg,1
ack00052.jpg,1
ack00053.jpg,1
ack00054.jpg,1
ack00055.jpg,1
ack00056.jpg,1
ack00057.jpg,1
ack00058.jpg,1
ack00059.jpg,1
ack00060.jpg,1
ack00061.jpg,1
ack00062.jpg,1
ack00063.jpg,1
ack00064.jpg,1
ack00065.jpg,1
ack00066.jpg,1
ack00067.jpg,1
ack00068.jpg,1
ack00069.jpg,1
ack00070.jpg,1
ack00071.jpg,1
ack00072.jpg,1
ack00073.jpg,1
ack00074.jpg,1
ack00075.jpg,1
ack00076.jpg,1
ack00077.jpg,1
ack00078.jpg,1
ack00079.jpg,1
ack00080.jpg,1
ack00081.jpg,1
ack00082.jpg,1
ack00083.jpg,1
ack00084.jpg,1
ack00085.jpg,1
ack00086.jpg,1
ack00087.jpg,1
ack00088.jpg,1
ack00089.jpg,1
ack00090.jpg,1
ack00091.jpg,1
ack00092.jpg,1
ack00093.jpg,1
ack00094.jpg,1
ack00095.jpg,1
ack00096.jpg,1
ack00097.jpg,1
ack00098.jpg,1
ack00099.jpg,1
ack00100.jpg,1
ack00101.jpg,1
ack00102.jpg,1
ack00103.jpg,1
ack00104.jpg,1
ack00105.jpg,1
ack00106.jpg,1
ack00107.jpg,1
ack00108.jpg,1
ack00109.jpg,1
ack00110.jpg,1
ack00111.jpg,1
ack00112.jpg,1
ack00113.jpg,1
ack00114.jpg,1
ack00115.jpg,1
ack00116.jpg,1
ack00117.jpg,1
ack00118.jpg,1
ack00119.jpg,1
ack00120.jpg,1
ack00121.jpg,1
ack00122.jpg,1
ack00123.jpg,1
ack00124.jpg,1
ack00125.jpg,1
ack00126.jpg,1
ack00127.jpg,1
ack00128.jpg,1
ack00129.jpg,1
ack00130.jpg,1
ack00131.jpg,1
ack00132.jpg,1
ack00133.jpg,1
ack00134.jpg,1
ack00135.jpg,1
ack00136.jpg,1
ack00137.jpg,1
ack00138.jpg,1
ack00139.jpg,1
ack00140.jpg,1
ack00141.jpg,1
ack00142.jpg,1
ack00143.jpg,1
ack00144.jpg,1
ack00145.jpg,1
ack00146.jpg,1
ack00147.jpg,1
ack00148.jpg,1
ack00149.jpg,1
ack00150.jpg,1
ack00151.jpg,1
ack00152.jpg,1
ack00153.jpg,1
ack00154.jpg,1
ack00155.jpg,1
ack00156.jpg,1
ack00157.jpg,1
ack00158.jpg,1
ack00159.jpg,1
ack00160.jpg,1
ack00161.jpg,1
ack00162.jpg,1
ack00163.jpg,1
ack00164.jpg,1
ack00165.jpg,1
ack00166.jpg,1
ack00167.jpg,1
ack00168.jpg,1
ack00169.jpg,1
ack00170.jpg,1
ack00171.jpg,1
ack00172.jpg,1
ack00173.jpg,1
ack00174.jpg,1
ack00175.jpg,1
ack00176.jpg,1
ack00177.jpg,1
ack00178.jpg,1
ack00179.jpg,1
ack00180.jpg,1
ack00181.jpg,1
ack00182.jpg,1
ack00183.jpg,1
ack00184.jpg,1
ack00185.jpg,1
ack00186.jpg,1
ack00187.jpg,1
ack00188.jpg,1
ack00189.jpg,1
ack00190.jpg,1
ack00191.jpg,1
ack00192.jpg,1
ack00193.jpg,1
ack00194.jpg,1
ack00195.jpg,1
ack00196.jpg,1
ack00197.jpg,1
ack00198.jpg,1
ack00199.jpg,1
ack00200.jpg,1
ack00201.jpg,1
ack00202.jpg,1
ack00203.jpg,1
ack00204.jpg,1
ack00205.jpg,1
ack00206.jpg,1
ack00207.jpg,1
ack00208.jpg,1
ack00209.jpg,1
ack00210.jpg,1
ack00211.jpg,1
ack00212.jpg,1
ack00213.jpg,1
ack00214.jpg,1
ack00215.jpg,1
ack00216.jpg,1
ack00217.jpg,1
ack00218.jpg,1
ack00219.jpg,1
ack00220.jpg,1
ack00221.jpg,1
ack00222.jpg,1
ack00223.jpg,1
ack00224.jpg,1
ack00225.jpg,1
ack00226.jpg,1
ack00227.jpg,1
ack00228.jpg,1
ack00229.jpg,1
ack00230.jpg,1
ack00231.jpg,1
ack00232.jpg,1
ack00233.jpg,1
ack00234.jpg,1
ack00235.jpg,1
ack00236.jpg,1
ack00237.jpg,1
ack00238.jpg,1
ack00239.jpg,1
ack00240.jpg,1
ack00241.jpg,1
ack00242.jpg,1
ack00243.jpg,1
ack00244.jpg,1
ack00245.jpg,1
ack00246.jpg,1
ack00247.jpg,1
ack00248.jpg,1
ack00249.jpg,1
ack00250.jpg,1
ack00251.jpg,1
ack00252.jpg,1
ack00253.jpg,1
ack00254.jpg,1
ack00255.jpg,1
ack00256.jpg,1
ack00257.jpg,1
ack00258.jpg,1
ack00259.jpg,1
ack00260.jpg,1
ack00261.jpg,1
ack00262.jpg,1
ack00263.jpg,1
ack00264.jpg,1
ack00265.jpg,1
ack00266.jpg,1
ack00267.jpg,1
ack00268.jpg,1
ack00269.jpg,1
ack00270.jpg,1
ack00271.jpg,1
ack00272.jpg,1
ack00273.jpg,1
ack00274.jpg,1
ack00275.jpg,1
ack00276.jpg,1
ack00277.jpg,1
ack00278.jpg,1
ack00279.jpg,1
ack00280.jpg,1
ack00281.jpg,1
ack00282.jpg,1
ack00283.jpg,1
ack00284.jpg,1
ack00285.jpg,1
ack00286.jpg,1
ack00287.jpg,1
ack00288.jpg,1
ack00289.jpg,1
ack00290.jpg,1
ack00291.jpg,1
ack00292.jpg,1
ack00293.jpg,1
ack00294.jpg,1
ack00295.jpg,1
ack00296.jpg,1
ack00297.jpg,1
ack00298.jpg,1
ack00299.jpg,1
ack00300.jpg,1
ack00301.jpg,1
ack00302.jpg,1
ack00303.jpg,1
ack00304.jpg,1
ack00305.jpg,1
ack00306.jpg,1
ack00307.jpg,1
ack00308.jpg,1
ack00309.jpg,1
ack00310.jpg,1
ack00311.jpg,1
ack00312.jpg,1
ack00313.jpg,1
ack00314.jpg,1
ack00315.jpg,1
ack00316.jpg,1
ack00317.jpg,1
ack00318.jpg,1
ack00319.jpg,1
ack00320.jpg,1
ack00321.jpg,1
ack00322.jpg,1
ack00323.jpg,1
ack00324.jpg,1
ack00325.jpg,1
ack00326.jpg,1
ack00327.jpg,1
ack00328.jpg,1
ack00329.jpg,1
ack00330.jpg,1
ack00331.jpg,1
ack00332.jpg,1
ack00333.jpg,1
ack00334.jpg,1
ack00335.jpg,1
ack00336.jpg,1
ack00337.jpg,1
ack00338.jpg,1
ack00339.jpg,1
ack00340.jpg,1
ack00341.jpg,1
ack00342.jpg,1
ack00343.jpg,1
ack00344.jpg,1
ack00345.jpg,1
ack00346.jpg,1
ack00347.jpg,1
ack00348.jpg,1
ack00349.jpg,1
ack00350.jpg,1
ack00351.jpg,1
ack00352.jpg,1
ack00353.jpg,1
ack00354.jpg,1
ack00355.jpg,1
ack00356.jpg,1
ack00357.jpg,1
ack00358.jpg,1
ack00359.jpg,1
ack00360.jpg,1
ack00361.jpg,1
ack00362.jpg,1
ack00363.jpg,1
ack00364.jpg,1
ack00365.jpg,1
ack00366.jpg,1
ack00367.jpg,1
ack00368.jpg,1
ack00369.jpg,1
ack00370.jpg,1
ack00371.jpg,1
ack00372.jpg,1
ack00373.jpg,1
ack00374.jpg,1
ack00375.jpg,1
ack00376.jpg,1
ack00377.jpg,1
ack00378.jpg,1
ack00379.jpg,1
ack00380.jpg,1
ack00381.jpg,1
ack00382.jpg,1
ack00383.jpg,1
ack00384.jpg,1
ack00385.jpg,1
ack00386.jpg,1
ack00387.jpg,1
ack00388.jpg,1
ack00389.jpg,1
ack00390.jpg,1
ack00391.jpg,1
ack00392.jpg,1
ack00393.jpg,1
ack00394.jpg,1
ack00395.jpg,1
ack00396.jpg,1
ack00397.jpg,1
ack00398.jpg,1
ack00399.jpg,1
ack00400.jpg,1
ack00401.jpg,1
ack00402.jpg,1
ack00403.jpg,1
ack00404.jpg,1
ack00405.jpg,1
ack00406.jpg,1
ack00407.jpg,1
ack00408.jpg,1
ack00409.jpg,1
ack00410.jpg,1
ack00411.jpg,1
ack00412.jpg,1
ack00413.jpg,1
ack00414.jpg,1
ack00415.jpg,1
ack00416.jpg,1
ack00417.jpg,1
ack00418.jpg,1
ack00419.jpg,1
ack00420.jpg,1
ack00421.jpg,1
ack00422.jpg,1
ack00423.jpg,1
ack00424.jpg,1
ack00425.jpg,1
ack00426.jpg,1
ack00427.jpg,1
ack00428.jpg,1
ack00429.jpg,1
ack00430.jpg,1
ack00431.jpg,1
ack00432.jpg,1
ack00433.jpg,1
ack00434.jpg,1
ack00435.jpg,1
ack00436.jpg,1
ack00437.jpg,1
ack00438.jpg,1
ack00439.jpg,1
ack00440.jpg,1
ack00441.jpg,1
ack00442.jpg,1
ack00443.jpg,1
ack00444.jpg,1
ack00445.jpg,1
ack00446.jpg,1
ack00447.jpg,1
ack00448.jpg,1
ack00449.jpg,1
ack00450.jpg,1
ack00451.jpg,1
ack00452.jpg,1
ack00453.jpg,1
ack00454.jpg,1
ack00455.jpg,1
ack00456.jpg,1
ack00457.jpg,1
ack00458.jpg,1
ack00459.jpg,1
ack00460.jpg,1
ack00461.jpg,1
ack00462.jpg,1
ack00463.jpg,1
ack00464.jpg,1
ack00465.jpg,1
ack00466.jpg,1
ack00467.jpg,1
ack00468.jpg,1
ack00469.jpg,1
ack00470.jpg,1
ack00471.jpg,1
ack00472.jpg,1
ack00473.jpg,1
ack00474.jpg,1
ack00475.jpg,1
ack00476.jpg,1
ack00477.jpg,1
ack00478.jpg,1
ack00479.jpg,1
ack00480.jpg,1
ack00481.jpg,1
ack00482.jpg,1
ack00483.jpg,1
ack00484.jpg,1
ack00485.jpg,1
ack00486.jpg,1
ack00487.jpg,1
ack00488.jpg,1
ack00489.jpg,1
ack00490.jpg,1
ack00491.jpg,1
ack00492.jpg,1
ack00493.jpg,1
ack00494.jpg,1
ack00495.jpg,1
ack00496.jpg,1
ack00497.jpg,1
ack00498.jpg,1
ack00499.jpg,1
ack00500.jpg,1
ack00501.jpg,1
ack00502.jpg,1
ack00503.jpg,1
ack00504.jpg,1
ack00505.jpg,1
ack00506.jpg,1
ack00507.jpg,1
ack00508.jpg,1
ack00509.jpg,1
ack00510.jpg,1
ack00511.jpg,1
ack00512.jpg,1
ack00513.jpg,1
ack00514.jpg,1
ack00515.jpg,1
ack00516.jpg,1
ack00517.jpg,1
ack00518.jpg,1
ack00519.jpg,1
ack00520.jpg,1
bcc00001.jpg,1
bcc00002.jpg,1
bcc00003.jpg,1
bcc00004.jpg,1
bcc00005.jpg,1
bcc00006.jpg,1
bcc00007.jpg,1
bcc00008.jpg,1
bcc00009.jpg,1
bcc00010.jpg,1
bcc00011.jpg,1
bcc00012.jpg,1
bcc00013.jpg,1
bcc00014.jpg,1
bcc00015.jpg,1
bcc00016.jpg,1
bcc00017.jpg,1
bcc00018.jpg,1
bcc00019.jpg,1
bcc00020.jpg,1
bcc00021.jpg,1
bcc00022.jpg,1
bcc00023.jpg,1
bcc00024.jpg,1
bcc00025.jpg,1
bcc00026.jpg,1
bcc00027.jpg,1
bcc00028.jpg,1
bcc00029.jpg,1
bcc00030.jpg,1
bcc00031.jpg,1
bcc00032.jpg,1
bcc00033.jpg,1
bcc00034.jpg,1
bcc00035.jpg,1
bcc00036.jpg,1
bcc00037.jpg,1
bcc00038.jpg,1
bcc00039.jpg,1
bcc00040.jpg,1
bcc00041.jpg,1
bcc00042.jpg,1
bcc00043.jpg,1
bcc00044.jpg,1
bcc00045.jpg,1
bcc00046.jpg,1
bcc00047.jpg,1
bcc00048.jpg,1
bcc00049.jpg,1
bcc00050.jpg,1
bcc00051.jpg,1
bcc00052.jpg,1
bcc00053.jpg,1
bcc00054.jpg,1
bcc00055.jpg,1
bcc00056.jpg,1
bcc00057.jpg,1
bcc00058.jpg,1
bcc00059.jpg,1
bcc00060.jpg,1
bcc00061.jpg,1
bcc00062.jpg,1
bcc00063.jpg,1
bcc00064.jpg,1
bcc00065.jpg,1
bcc00066.jpg,1
bcc00067.jpg,1
bcc00068.jpg,1
bcc00069.jpg,1
bcc00070.jpg,1
bcc00071.jpg,1
bcc00072.jpg,1
bcc00073.jpg,1
bcc00074.jpg,1
bcc00075.jpg,1
bcc00076.jpg,1
bcc00077.jpg,1
bcc00078.jpg,1
bcc00079.jpg,1
bcc00080.jpg,1
bcc00081.jpg,1
bcc00082.jpg,1
bcc00083.jpg,1
bcc00084.jpg,1
bcc00085.jpg,1
bcc00086.jpg,1
bcc00087.jpg,1
bcc00088.jpg,1
bcc00089.jpg,1
bcc00090.jpg,1
bcc00091.jpg,1
bcc00092.jpg,1
bcc00093.jpg,1
bcc00094.jpg,1
bcc00095.jpg,1
bcc00096.jpg,1
bcc00097.jpg,1
bcc00098.jpg,1
bcc00099.jpg,1
bcc00100.jpg,1
bcc00101.jpg,1
bcc00102.jpg,1
bcc00103.jpg,1
bcc00104.jpg,1
bcc00105.jpg,1
bcc00106.jpg,1
bcc00107.jpg,1
bcc00108.jpg,1
bcc00109.jpg,1
bcc00110.jpg,1
bcc00111.jpg,1
bcc00112.jpg,1
bcc00113.jpg,1
bcc00114.jpg,1
bcc00115.jpg,1
bcc00116.jpg,1
bcc00117.jpg,1
bcc00118.jpg,1
bcc00119.jpg,1
bcc00120.jpg,1
bcc00121.jpg,1
bcc00122.jpg,1
bcc00123.jpg,1
bcc00124.jpg,1
bcc00125.jpg,1
bcc00126.jpg,1
bcc00127.jpg,1
bcc00128.jpg,1
bcc00129.jpg,1
bcc00130.jpg,1
bcc00131.jpg,1
bcc00132.jpg,1
bcc00133.jpg,1
bcc00134.jpg,1
bcc00135.jpg,1
bcc00136.jpg,1
bcc00137.jpg,1
bcc00138.jpg,1
bcc00139.jpg,1
bcc00140.jpg,1
bcc00141.jpg,1
bcc00142.jpg,1
bcc00143.jpg,1
bcc00144.jpg,1
bcc00145.jpg,1
bcc00146.jpg,1
bcc00147.jpg,1
bcc00148.jpg,1
bcc00149.jpg,1
bcc00150.jpg,1
bcc00151.jpg,1
bcc00152.jpg,1
bcc00153.jpg,1
bcc00154.jpg,1
bcc00155.jpg,1
bcc00156.jpg,1
bcc00157.jpg,1
bcc00158.jpg,1
bcc00159.jpg,1
bcc00160.jpg,1
bcc00161.jpg,1
bcc00162.jpg,1
bcc00163.jpg,1
bcc00164.jpg,1
bcc00165.jpg,1
bcc00166.jpg,1
bcc00167.jpg,1
bcc00168.jpg,1
bcc00169.jpg,1
bcc00170.jpg,1
bcc00171.jpg,1
bcc00172.jpg,1
bcc00173.jpg,1
bcc00174.jpg,1
bcc00175.jpg,1
bcc00176.jpg,1
bcc00177.jpg,1
bcc00178.jpg,1
bcc00179.jpg,1
bcc00180.jpg,1
bcc00181.jpg,1
bcc00182.jpg,1
bcc00183.jpg,1
bcc00184.jpg,1
bcc00185.jpg,1
bcc00186.jpg,1
bcc00187.jpg,1
bcc00188.jpg,1
bcc00189.jpg,1
bcc00190.jpg,1
bcc00191.jpg,1
bcc00192.jpg,1
bcc00193.jpg,1
bcc00194.jpg,1
bcc00195.jpg,1
bcc00196.jpg,1
bcc00197.jpg,1
bcc00198.jpg,1
bcc00199.jpg,1
bcc00200.jpg,1
bcc00201.jpg,1
bcc00202.jpg,1
bcc00203.jpg,1
bcc00204.jpg,1
bcc00205.jpg,1
bcc00206.jpg,1
bcc00207.jpg,1
bcc00208.jpg,1
bcc00209.jpg,1
bcc00210.jpg,1
bcc00211.jpg,1
bcc00212.jpg,1
bcc00213.jpg,1
bcc00214.jpg,1
bcc00215.jpg,1
bcc00216.jpg,1
bcc00217.jpg,1
bcc00218.jpg,1
bcc00219.jpg,1
bcc00220.jpg,1
bcc00221.jpg,1
bcc00222.jpg,1
bcc00223.jpg,1
bcc00224.jpg,1
bcc00225.jpg,1
bcc00226.jpg,1
bcc00227.jpg,1
bcc00228.jpg,1
bcc00229.jpg,1
bcc00230.jpg,1
bcc00231.jpg,1
bcc00232.jpg,1
bcc00233.jpg,1
bcc00234.jpg,1
bcc00235.jpg,1
bcc00236.jpg,1
bcc00237.jpg,1
bcc00238.jpg,1
bcc00239.jpg,1
bcc00240.jpg,1
bcc00241.jpg,1
bcc00242.jpg,1
bcc00243.jpg,1
bcc00244.jpg,1
bcc00245.jpg,1
bcc00246.jpg,1
bcc00247.jpg,1
bcc00248.jpg,1
bcc00249.jpg,1
bcc00250.jpg,1
bcc00251.jpg,1
bcc00252.jpg,1
bcc00253.jpg,1
bcc00254.jpg,1
bcc00255.jpg,1
bcc00256.jpg,1
bcc00257.jpg,1
bcc00258.jpg,1
bcc00259.jpg,1
bcc00260.jpg,1
bcc00261.jpg,1
bcc00262.jpg,1
bcc00263.jpg,1
bcc00264.jpg,1
bcc00265.jpg,1
bcc00266.jpg,1
bcc00267.jpg,1
bcc00268.jpg,1
bcc00269.jpg,1
bcc00270.jpg,1
bcc00271.jpg,1
bcc00272.jpg,1
bcc00273.jpg,1
bcc00274.jpg,1
bcc00275.jpg,1
bcc00276.jpg,1
bcc00277.jpg,1
bcc00278.jpg,1
bcc00279.jpg,1
bcc00280.jpg,1
bcc00281.jpg,1
bcc00282.jpg,1
bcc00283.jpg,1
bcc00284.jpg,1
bcc00285.jpg,1
bcc00286.jpg,1
bcc00287.jpg,1
bcc00288.jpg,1
bcc00289.jpg,1
bcc00290.jpg,1
bcc00291.jpg,1
bcc00292.jpg,1
bcc00293.jpg,1
bcc00294.jpg,1
bcc00295.jpg,1
bcc00296.jpg,1
bcc00297.jpg,1
bcc00298.jpg,1
bcc00299.jpg,1
bcc00300.jpg,1
bcc00301.jpg,1
bcc00302.jpg,1
bcc00303.jpg,1
bcc00304.jpg,1
bcc00305.jpg,1
bcc00306.jpg,1
bcc00307.jpg,1
bcc00308.jpg,1
bcc00309.jpg,1
bcc00310.jpg,1
bcc00311.jpg,1
bcc00312.jpg,1
bcc00313.jpg,1
bcc00314.jpg,1
bcc00315.jpg,1
bcc00316.jpg,1
bcc00317.jpg,1
bcc00318.jpg,1
bcc00319.jpg,1
bcc00320.jpg,1
bcc00321.jpg,1
bcc00322.jpg,1
bcc00323.jpg,1
bcc00324.jpg,1
bcc00325.jpg,1
bcc00326.jpg,1
bcc00327.jpg,1
bcc00328.jpg,1
bcc00329.jpg,1
bcc00330.jpg,1
bcc00331.jpg,1
bcc00332.jpg,1
bcc00333.jpg,1
bcc00334.jpg,1
bcc00335.jpg,1
bcc00336.jpg,1
bcc00337.jpg,1
bcc00338.jpg,1
bcc00339.jpg,1
bcc00340.jpg,1
bcc00341.jpg,1
bcc00342.jpg,1
bcc00343.jpg,1
bcc00344.jpg,1
bcc00345.jpg,1
bcc00346.jpg,1
bcc00347.jpg,1
bcc00348.jpg,1
bcc00349.jpg,1
bcc00350.jpg,1
bcc00351.jpg,1
bcc00352.jpg,1
bcc00353.jpg,1
bcc00354.jpg,1
bcc00355.jpg,1
bcc00356.jpg,1
bcc00357.jpg,1
bcc00358.jpg,1
bcc00359.jpg,1
bcc00360.jpg,1
bcc00361.jpg,1
bcc00362.jpg,1
bcc00363.jpg,1
bcc00364.jpg,1
bcc00365.jpg,1
bcc00366.jpg,1
bcc00367.jpg,1
bcc00368.jpg,1
bcc00369.jpg,1
bcc00370.jpg,1
bcc00371.jpg,1
bcc00372.jpg,1
bcc00373.jpg,1
bcc00374.jpg,1
bcc00375.jpg,1
bcc00376.jpg,1
bcc00377.jpg,1
bcc00378.jpg,1
bcc00379.jpg,1
bcc00380.jpg,1
bcc00381.jpg,1
bcc00382.jpg,1
bcc00383.jpg,1
bcc00384.jpg,1
bcc00385.jpg,1
bcc00386.jpg,1
bcc00387.jpg,1
bcc00388.jpg,1
bcc00389.jpg,1
bcc00390.jpg,1
bcc00391.jpg,1
bcc00392.jpg,1
bcc00393.jpg,1
bcc00394.jpg,1
bcc00395.jpg,1
bcc00396.jpg,1
bcc00397.jpg,1
bcc00398.jpg,1
bcc00399.jpg,1
bcc00400.jpg,1
bcc00401.jpg,1
bcc00402.jpg,1
bcc00403.jpg,1
bcc00404.jpg,1
bcc00405.jpg,1
bcc00406.jpg,1
bcc00407.jpg,1
bcc00408.jpg,1
bcc00409.jpg,1
bcc00410.jpg,1
bcc00411.jpg,1
bcc00412.jpg,1
bcc00413.jpg,1
bcc00414.jpg,1
bcc00415.jpg,1
bcc00416.jpg,1
bcc00417.jpg,1
bcc00418.jpg,1
bcc00419.jpg,1
bcc00420.jpg,1
bcc00421.jpg,1
bcc00422.jpg,1
bcc00423.jpg,1
bcc00424.jpg,1
bcc00425.jpg,1
bcc00426.jpg,1
bcc00427.jpg,1
bcc00428.jpg,1
bcc00429.jpg,1
bcc00430.jpg,1
bcc00431.jpg,1
bcc00432.jpg,1
bcc00433.jpg,1
bcc00434.jpg,1
bcc00435.jpg,1
bcc00436.jpg,1
bcc00437.jpg,1
bcc00438.jpg,1
bcc00439.jpg,1
bcc00440.jpg,1
bcc00441.jpg,1
bcc00442.jpg,1
bcc00443.jpg,1
bcc00444.jpg,1
bcc00445.jpg,1
bcc00446.jpg,1
bcc00447.jpg,1
bcc00448.jpg,1
bcc00449.jpg,1
bcc00450.jpg,1
bcc00451.jpg,1
bcc00452.jpg,1
bcc00453.jpg,1
bcc00454.jpg,1
bcc00455.jpg,1
bcc00456.jpg,1
bcc00457.jpg,1
bcc00458.jpg,1
bcc00459.jpg,1
bcc00460.jpg,1
bcc00461.jpg,1
bcc00462.jpg,1
bcc00463.jpg,1
bcc00464.jpg,1
bcc00465.jpg,1
bcc00466.jpg,1
bcc00467.jpg,1
bcc00468.jpg,1
bcc00469.jpg,1
bcc00470.jpg,1
bcc00471.jpg,1
bcc00472.jpg,1
bcc00473.jpg,1
bcc00474.jpg,1
bcc00475.jpg,1
bcc00476.jpg,1
bcc00477.jpg,1
bcc00478.jpg,1
bcc00479.jpg,1
bcc00480.jpg,1
bcc00481.jpg,1
bcc00482.jpg,1
bcc00483.jpg,1
bcc00484.jpg,1
bcc00485.jpg,1
bcc00486.jpg,1
bcc00487.jpg,1
bcc00488.jpg,1
bcc00489.jpg,1
bcc00490.jpg,1
bcc00491.jpg,1
bcc00492.jpg,1
bcc00493.jpg,1
bcc00494.jpg,1
bcc00495.jpg,1
bcc00496.jpg,1
bcc00497.jpg,1
bcc00498.jpg,1
bcc00499.jpg,1
bcc00500.jpg,1
bcc00501.jpg,1
bcc00502.jpg,1
bcc00503.jpg,1
bcc00504.jpg,1
bcc00505.jpg,1
bcc00506.jpg,1
bcc00507.jpg,1
bcc00508.jpg,1
bcc00509.jpg,1
bcc00510.jpg,1
bcc00511.jpg,1
bcc00512.jpg,1
bcc00513.jpg,1
bcc00514.jpg,1
bcc00515.jpg,1
bcc00516.jpg,1
bcc00517.jpg,1
bcc00518.jpg,1
bcc00519.jpg,1
bcc00520.jpg,1
bcc00521.jpg,1
bcc00522.jpg,1
bcc00523.jpg,1
bcc00524.jpg,1
bcc00525.jpg,1
bcc00526.jpg,1
bcc00527.jpg,1
bcc00528.jpg,1
bcc00529.jpg,1
bcc00530.jpg,1
bcc00531.jpg,1
bcc00532.jpg,1
bcc00533.jpg,1
bcc00534.jpg,1
bcc00535.jpg,1
bcc00536.jpg,1
bcc00537.jpg,1
bcc00538.jpg,1
bcc00539.jpg,1
bcc00540.jpg,1
bcc00541.jpg,1
bcc00542.jpg,1
bcc00543.jpg,1
bcc00544.jpg,1
bcc00545.jpg,1
bcc00546.jpg,1
bcc00547.jpg,1
bcc00548.jpg,1
bcc00549.jpg,1
bcc00550.jpg,1
bcc00551.jpg,1
bcc00552.jpg,1
bcc00553.jpg,1
bcc00554.jpg,1
bcc00555.jpg,1
bcc00556.jpg,1
bcc00557.jpg,1
bcc00558.jpg,1
bcc00559.jpg,1
bcc00560.jpg,1
bcc00561.jpg,1
bcc00562.jpg,1
bcc00563.jpg,1
bcc00564.jpg,1
bcc00565.jpg,1
bcc00566.jpg,1
bcc00567.jpg,1
bcc00568.jpg,1
bcc00569.jpg,1
bcc00570.jpg,1
bcc00571.jpg,1
bcc00572.jpg,1
bcc00573.jpg,1
bcc00574.jpg,1
bcc00575.jpg,1
bcc00576.jpg,1
bcc00577.jpg,1
bcc00578.jpg,1
bcc00579.jpg,1
bcc00580.jpg,1
bcc00581.jpg,1
bcc00582.jpg,1
bcc00583.jpg,1
bcc00584.jpg,1
bcc00585.jpg,1
bcc00586.jpg,1
bcc00587.jpg,1
bcc00588.jpg,1
bcc00589.jpg,1
bcc00590.jpg,1
bcc00591.jpg,1
bcc00592.jpg,1
bcc00593.jpg,1
bcc00594.jpg,1
bcc00595.jpg,1
bcc00596.jpg,1
bcc00597.jpg,1
bcc00598.jpg,1
bcc00599.jpg,1
bcc00600.jpg,1
bcc00601.jpg,1
bcc00602.jpg,1
bcc00603.jpg,1
bcc00604.jpg,1
bcc00605.jpg,1
bcc00606.jpg,1
bcc00607.jpg,1
bcc00608.jpg,1
bcc00609.jpg,1
bcc00610.jpg,1
bcc00611.jpg,1
bcc00612.jpg,1
bcc00613.jpg,1
bcc00614.jpg,1
bcc00615.jpg,1
bcc00616.jpg,1
bcc00617.jpg,1
bcc00618.jpg,1
bcc00619.jpg,1
bcc00620.jpg,1
bcc00621.jpg,1
bcc00622.jpg,1
bcc00623.jpg,1
bcc00624.jpg,1
bcc00625.jpg,1
bcc00626.jpg,1
bcc00627.jpg,1
bcc00628.jpg,1
bcc00629.jpg,1
bcc00630.jpg,1
bcc00631.jpg,1
bcc00632.jpg,1
bcc00633.jpg,1
bcc00634.jpg,1
bcc00635.jpg,1
bcc00636.jpg,1
bcc00637.jpg,1
bcc00638.jpg,1
bcc00639.jpg,1
bcc00640.jpg,1
bcc00641.jpg,1
bcc00642.jpg,1
bcc00643.jpg,1
bcc00644.jpg,1
bcc00645.jpg,1
bcc00646.jpg,1
bcc00647.jpg,1
bcc00648.jpg,1
bcc00649.jpg,1
bcc00650.jpg,1
bcc00651.jpg,1
bcc00652.jpg,1
bcc00653.jpg,1
bcc00654.jpg,1
bcc00655.jpg,1
bcc00656.jpg,1
bcc00657.jpg,1
bcc00658.jpg,1
bcc00659.jpg,1
bcc00660.jpg,1
bcc00661.jpg,1
bcc00662.jpg,1
bcc00663.jpg,1
bcc00664.jpg,1
bcc00665.jpg,1
bcc00666.jpg,1
bcc00667.jpg,1
bcc00668.jpg,1
bcc00669.jpg,1
bcc00670.jpg,1
bcc00671.jpg,1
bcc00672.jpg,1
bcc00673.jpg,1
bcc00674.jpg,1
bcc00675.jpg,1
bcc00676.jpg,1
bcc00677.jpg,1
bcc00678.jpg,1
bcc00679.jpg,1
bcc00680.jpg,1
bcc00681.jpg,1
bcc00682.jpg,1
bcc00683.jpg,1
bcc00684.jpg,1
bcc00685.jpg,1
bcc00686.jpg,1
bcc00687.jpg,1
bcc00688.jpg,1
bcc00689.jpg,1
bcc00690.jpg,1
bcc00691.jpg,1
bcc00692.jpg,1
bcc00693.jpg,1
bcc00694.jpg,1
bcc00695.jpg,1
bcc00696.jpg,1
bcc00697.jpg,1
bcc00698.jpg,1
bcc00699.jpg,1
bcc00700.jpg,1
bcc00701.jpg,1
bcc00702.jpg,1
bcc00703.jpg,1
bcc00704.jpg,1
bcc00705.jpg,1
bcc00706.jpg,1
bcc00707.jpg,1
bcc00708.jpg,1
bcc00709.jpg,1
bcc00710.jpg,1
bcc00711.jpg,1
bcc00712.jpg,1
bcc00713.jpg,1
bcc00714.jpg,1
bcc00715.jpg,1
bcc00716.jpg,1
bcc00717.jpg,1
bcc00718.jpg,1
bcc00719.jpg,1
bcc00720.jpg,1
bcc00721.jpg,1
bcc00722.jpg,1
bcc00723.jpg,1
bcc00724.jpg,1
bcc00725.jpg,1
bcc00726.jpg,1
bcc00727.jpg,1
bcc00728.jpg,1
bcc00729.jpg,1
bcc00730.jpg,1
bcc00731.jpg,1
bcc00732.jpg,1
bcc00733.jpg,1
bcc00734.jpg,1
bcc00735.jpg,1
bcc00736.jpg,1
bcc00737.jpg,1
bcc00738.jpg,1
bcc00739.jpg,1
bcc00740.jpg,1
bcc00741.jpg,1
bcc00742.jpg,1
bcc00743.jpg,1
bcc00744.jpg,1
bcc00745.jpg,1
bcc00746.jpg,1
bcc00747.jpg,1
bcc00748.jpg,1
bcc00749.jpg,1
bcc00750.jpg,1
bcc00751.jpg,1
bcc00752.jpg,1
bcc00753.jpg,1
bcc00754.jpg,1
bcc00755.jpg,1
bcc00756.jpg,1
bcc00757.jpg,1
bcc00758.jpg,1
bcc00759.jpg,1
bcc00760.jpg,1
bcc00761.jpg,1
bcc00762.jpg,1
bcc00763.jpg,1
bcc00764.jpg,1
bcc00765.jpg,1
bcc00766.jpg,1
bcc00767.jpg,1
bcc00768.jpg,1
bcc00769.jpg,1
bcc00770.jpg,1
bcc00771.jpg,1
bcc00772.jpg,1
bcc00773.jpg,1
bcc00774.jpg,1
bcc00775.jpg,1
bcc00776.jpg,1
bcc00777.jpg,1
bcc00778.jpg,1
bcc00779.jpg,1
bcc00780.jpg,1
bcc00781.jpg,1
bcc00782.jpg,1
bcc00783.jpg,1
bcc00784.jpg,1
bcc00785.jpg,1
bcc00786.jpg,1
bcc00787.jpg,1
bcc00788.jpg,1
bcc00789.jpg,1
bcc00790.jpg,1
bcc00791.jpg,1
bcc00792.jpg,1
bcc00793.jpg,1
bcc00794.jpg,1
bcc00795.jpg,1
bcc00796.jpg,1
bcc00797.jpg,1
bcc00798.jpg,1
bcc00799.jpg,1
bcc00800.jpg,1
bcc00801.jpg,1
bcc00802.jpg,1
bcc00803.jpg,1
bcc00804.jpg,1
bcc00805.jpg,1
bcc00806.jpg,1
bcc00807.jpg,1
bcc00808.jpg,1
bcc00809.jpg,1
bcc00810.jpg,1
bcc00811.jpg,1
bcc00812.jpg,1
bcc00813.jpg,1
bcc00814.jpg,1
bcc00815.jpg,1
bcc00816.jpg,1
bcc00817.jpg,1
bcc00818.jpg,1
bcc00819.jpg,1
bcc00820.jpg,1
bcc00821.jpg,1
bcc00822.jpg,1
bcc00823.jpg,1
bcc00824.jpg,1
bcc00825.jpg,1
bcc00826.jpg,1
bcc00827.jpg,1
bcc00828.jpg,1
bcc00829.jpg,1
bcc00830.jpg,1
bcc00831.jpg,1
bcc00832.jpg,1
bcc00833.jpg,1
bcc00834.jpg,1
bcc00835.jpg,1
bcc00836.jpg,1
bcc00837.jpg,1
bcc00838.jpg,1
bcc00839.jpg,1
bcc00840.jpg,1
bcc00841.jpg,1
bcc00842.jpg,1
bcc00843.jpg,1
bcc00844.jpg,1
bcc00845.jpg,1
bcc00846.jpg,1
bcc00847.jpg,1
bcc00848.jpg,1
bcc00849.jpg,1
bcc00850.jpg,1
bcc00851.jpg,1
bcc00852.jpg,1
bcc00853.jpg,1
bcc00854.jpg,1
bcc00855.jpg,1
bcc00856.jpg,1
bcc00857.jpg,1
bcc00858.jpg,1
bcc00859.jpg,1
bcc00860.jpg,1
bcc00861.jpg,1
bcc00862.jpg,1
bcc00863.jpg,1
bcc00864.jpg,1
bcc00865.jpg,1
bcc00866.jpg,1
bcc00867.jpg,1
bcc00868.jpg,1
bcc00869.jpg,1
bcc00870.jpg,1
bcc00871.jpg,1
bcc00872.jpg,1
bcc00873.jpg,1
bcc00874.jpg,1
bcc00875.jpg,1
bcc00876.jpg,1
bcc00877.jpg,1
bcc00878.jpg,1
bcc00879.jpg,1
bcc00880.jpg,1
bcc00881.jpg,1
bcc00882.jpg,1
bcc00883.jpg,1
bcc00884.jpg,1
bcc00885.jpg,1
bcc00886.jpg,1
bcc00887.jpg,1
bcc00888.jpg,1
bcc00889.jpg,1
bcc00890.jpg,1
bcc00891.jpg,1
bcc00892.jpg,1
bcc00893.jpg,1
bcc00894.jpg,1
bcc00895.jpg,1
bcc00896.jpg,1
bcc00897.jpg,1
bcc00898.jpg,1
bcc00899.jpg,1
bcc00900.jpg,1
bcc00901.jpg,1
bcc00902.jpg,1
bcc00903.jpg,1
bcc00904.jpg,1
bcc00905.jpg,1
bcc00906.jpg,1
bcc00907.jpg,1
bcc00908.jpg,1
bcc00909.jpg,1
bcc00910.jpg,1
bcc00911.jpg,1
bcc00912.jpg,1
bcc00913.jpg,1
bcc00914.jpg,1
bcc00915.jpg,1
bcc00916.jpg,1
bcc00917.jpg,1
bcc00918.jpg,1
bcc00919.jpg,1
bcc00920.jpg,1
bcc00921.jpg,1
bcc00922.jpg,1
bcc00923.jpg,1
bcc00924.jpg,1
bcc00925.jpg,1
bcc00926.jpg,1
bcc00927.jpg,1
bcc00928.jpg,1
bcc00929.jpg,1
bcc00930.jpg,1
bcc00931.jpg,1
bcc00932.jpg,1
bcc00933.jpg,1
bcc00934.jpg,1
bcc00935.jpg,1
bcc00936.jpg,1
bcc00937.jpg,1
bcc00938.jpg,1
bcc00939.jpg,1
bcc00940.jpg,1
bcc00941.jpg,1
bcc00942.jpg,1
bcc00943.jpg,1
bcc00944.jpg,1
bcc00945.jpg,1
bcc00946.jpg,1
bcc00947.jpg,1
bcc00948.jpg,1
bcc00949.jpg,1
bcc00950.jpg,1
bcc00951.jpg,1
bcc00952.jpg,1
bcc00953.jpg,1
bcc00954.jpg,1
bcc00955.jpg,1
bcc00956.jpg,1
bcc00957.jpg,1
bcc00958.jpg,1
bcc00959.jpg,1
bcc00960.jpg,1
bcc00961.jpg,1
bcc00962.jpg,1
bcc00963.jpg,1
bcc00964.jpg,1
bcc00965.jpg,1
bcc00966.jpg,1
bcc00967.jpg,1
bcc00968.jpg,1
bcc00969.jpg,1
bcc00970.jpg,1
bcc00971.jpg,1
bcc00972.jpg,1
bcc00973.jpg,1
bcc00974.jpg,1
bcc00975.jpg,1
bcc00976.jpg,1
bcc00977.jpg,1
bcc00978.jpg,1
bcc00979.jpg,1
bcc00980.jpg,1
bcc00981.jpg,1
bcc00982.jpg,1
bcc00983.jpg,1
bcc00984.jpg,1
bcc00985.jpg,1
bcc00986.jpg,1
bcc00987.jpg,1
bcc00988.jpg,1
bcc00989.jpg,1
bcc00990.jpg,1
bcc00991.jpg,1
bcc00992.jpg,1
bcc00993.jpg,1
bcc00994.jpg,1
bcc00995.jpg,1
bcc00996.jpg,1
bcc00997.jpg,1
bcc00998.jpg,1
bcc00999.jpg,1
bcc01000.jpg,1
bcc01001.jpg,1
bcc01002.jpg,1
bcc01003.jpg,1
bcc01004.jpg,1
bcc01005.jpg,1
bcc01006.jpg,1
bcc01007.jpg,1
bcc01008.jpg,1
bcc01009.jpg,1
bcc01010.jpg,1
bcc01011.jpg,1
bcc01012.jpg,1
bcc01013.jpg,1
bcc01014.jpg,1
bcc01015.jpg,1
bcc01016.jpg,1
bcc01017.jpg,1
bcc01018.jpg,1
bcc01019.jpg,1
bcc01020.jpg,1
bcc01021.jpg,1
bcc01022.jpg,1
bcc01023.jpg,1
bcc01024.jpg,1
bcc01025.jpg,1
bcc01026.jpg,1
bcc01027.jpg,1
bcc01028.jpg,1
bcc01029.jpg,1
bcc01030.jpg,1
bcc01031.jpg,1
bcc01032.jpg,1
bcc01033.jpg,1
bcc01034.jpg,1
bcc01035.jpg,1
bcc01036.jpg,1
bcc01037.jpg,1
bcc01038.jpg,1
bcc01039.jpg,1
bcc01040.jpg,1
bcc01041.jpg,1
bcc01042.jpg,1
bcc01043.jpg,1
bcc01044.jpg,1
bcc01045.jpg,1
bcc01046.jpg,1
bcc01047.jpg,1
bcc01048.jpg,1
bcc01049.jpg,1
bcc01050.jpg,1
bcc01051.jpg,1
bcc01052.jpg,1
bcc01053.jpg,1
bcc01054.jpg,1
bcc01055.jpg,1
bcc01056.jpg,1
bcc01057.jpg,1
bcc01058.jpg,1
bcc01059.jpg,1
bcc01060.jpg,1
bcc01061.jpg,1
bcc01062.jpg,1
bcc01063.jpg,1
bcc01064.jpg,1
bcc01065.jpg,1
bcc01066.jpg,1
bcc01067.jpg,1
bcc01068.jpg,1
bcc01069.jpg,1
bcc01070.jpg,1
bcc01071.jpg,1
bcc01072.jpg,1
bcc01073.jpg,1
bcc01074.jpg,1
bcc01075.jpg,1
bcc01076.jpg,1
bcc01077.jpg,1
bcc01078.jpg,1
bcc01079.jpg,1
bcc01080.jpg,1
bcc01081.jpg,1
bcc01082.jpg,1
bcc01083.jpg,1
bcc01084.jpg,1
bcc01085.jpg,1
bcc01086.jpg,1
bcc01087.jpg,1
bcc01088.jpg,1
bcc01089.jpg,1
bcc01090.jpg,1
bcc01091.jpg,1
bcc01092.jpg,1
bcc01093.jpg,1
bcc01094.jpg,1
bcc01095.jpg,1
bcc01096.jpg,1
bcc01097.jpg,1
bcc01098.jpg,1
bcc01099.jpg,1
bcc01100.jpg,1
bcc01101.jpg,1
bcc01102.jpg,1
bcc01103.jpg,1
bcc01104.jpg,1
bcc01105.jpg,1
bcc01106.jpg,1
bcc01107.jpg,1
bcc01108.jpg,1
bcc01109.jpg,1
bcc01110.jpg,1
bcc01111.jpg,1
bcc01112.jpg,1
bcc01113.jpg,1
bcc01114.jpg,1
bcc01115.jpg,1
bcc01116.jpg,1
bcc01117.jpg,1
bcc01118.jpg,1
bcc01119.jpg,1
bcc01120.jpg,1
bcc01121.jpg,1
bcc01122.jpg,1
bcc01123.jpg,1
bcc01124.jpg,1
bcc01125.jpg,1
bcc01126.jpg,1
bcc01127.jpg,1
bcc01128.jpg,1
bcc01129.jpg,1
bcc01130.jpg,1
bcc01131.jpg,1
bcc01132.jpg,1
bcc01133.jpg,1
bcc01134.jpg,1
bcc01135.jpg,1
bcc01136.jpg,1
bcc01137.jpg,1
bcc01138.jpg,1
bcc01139.jpg,1
bcc01140.jpg,1
bcc01141.jpg,1
bcc01142.jpg,1
bcc01143.jpg,1
bcc01144.jpg,1
bcc01145.jpg,1
bcc01146.jpg,1
bcc01147.jpg,1
bcc01148.jpg,1
bcc01149.jpg,1
bcc01150.jpg,1
bcc01151.jpg,1
bcc01152.jpg,1
bcc01153.jpg,1
bcc01154.jpg,1
bcc01155.jpg,1
bcc01156.jpg,1
bcc01157.jpg,1
bcc01158.jpg,1
bcc01159.jpg,1
bcc01160.jpg,1
bcc01161.jpg,1
bcc01162.jpg,1
bcc01163.jpg,1
bcc01164.jpg,1
bcc01165.jpg,1
bcc01166.jpg,1
bcc01167.jpg,1
bcc01168.jpg,1
bcc01169.jpg,1
bcc01170.jpg,1
bcc01171.jpg,1
bcc01172.jpg,1
bcc01173.jpg,1
bcc01174.jpg,1
bcc01175.jpg,1
bcc01176.jpg,1
bcc01177.jpg,1
bcc01178.jpg,1
bcc01179.jpg,1
bcc01180.jpg,1
bcc01181.jpg,1
bcc01182.jpg,1
bcc01183.jpg,1
bcc01184.jpg,1
bcc01185.jpg,1
bcc01186.jpg,1
bcc01187.jpg,1
bcc01188.jpg,1
bcc01189.jpg,1
bcc01190.jpg,1
bcc01191.jpg,1
bcc01192.jpg,1
bcc01193.jpg,1
bcc01194.jpg,1
bcc01195.jpg,1
bcc01196.jpg,1
bcc01197.jpg,1
bcc01198.jpg,1
bcc01199.jpg,1
bcc01200.jpg,1
bcc01201.jpg,1
bcc01202.jpg,1
bcc01203.jpg,1
bcc01204.jpg,1
bcc01205.jpg,1
bcc01206.jpg,1
bcc01207.jpg,1
bcc01208.jpg,1
bcc01209.jpg,1
bcc01210.jpg,1
bcc01211.jpg,1
bcc01212.jpg,1
bcc01213.jpg,1
bcc01214.jpg,1
bcc01215.jpg,1
bcc01216.jpg,1
bcc01217.jpg,1
bcc01218.jpg,1
bcc01219.jpg,1
bcc01220.jpg,1
bcc01221.jpg,1
bcc01222.jpg,1
bcc01223.jpg,1
bcc01224.jpg,1
bcc01225.jpg,1
bcc01226.jpg,1
bcc01227.jpg,1
bcc01228.jpg,1
bcc01229.jpg,1
bcc01230.jpg,1
bcc01231.jpg,1
bcc01232.jpg,1
bcc01233.jpg,1
bcc01234.jpg,1
bcc01235.jpg,1
bcc01236.jpg,1
bcc01237.jpg,1
bcc01238.jpg,1
bcc01239.jpg,1
bcc01240.jpg,1
bcc01241.jpg,1
bcc01242.jpg,1
bcc01243.jpg,1
bcc01244.jpg,1
bcc01245.jpg,1
bcc01246.jpg,1
bcc01247.jpg,1
bcc01248.jpg,1
bcc01249.jpg,1
bcc01250.jpg,1
bcc01251.jpg,1
bcc01252.jpg,1
bcc01253.jpg,1
bcc01254.jpg,1
bcc01255.jpg,1
bcc01256.jpg,1
bcc01257.jpg,1
bcc01258.jpg,1
bcc01259.jpg,1
bcc01260.jpg,1
bcc01261.jpg,1
bcc01262.jpg,1
bcc01263.jpg,1
bcc01264.jpg,1
bcc01265.jpg,1
bcc01266.jpg,1
bcc01267.jpg,1
bcc01268.jpg,1
bcc01269.jpg,1
bcc01270.jpg,1
bcc01271.jpg,1
bcc01272.jpg,1
bcc01273.jpg,1
bcc01274.jpg,1
bcc01275.jpg,1
bcc01276.jpg,1
bcc01277.jpg,1
bcc01278.jpg,1
bcc01279.jpg,1
bcc01280.jpg,1
bcc01281.jpg,1
bcc01282.jpg,1
bcc01283.jpg,1
bcc01284.jpg,1
bcc01285.jpg,1
bcc01286.jpg,1
bcc01287.jpg,1
bcc01288.jpg,1
bcc01289.jpg,1
bcc01290.jpg,1
bcc01291.jpg,1
bcc01292.jpg,1
bcc01293.jpg,1
bcc01294.jpg,1
bcc01295.jpg,1
bcc01296.jpg,1
bcc01297.jpg,1
bcc01298.jpg,1
bcc01299.jpg,1
bcc01300.jpg,1
bcc01301.jpg,1
bcc01302.jpg,1
bcc01303.jpg,1
bcc01304.jpg,1
bcc01305.jpg,1
bcc01306.jpg,1
bcc01307.jpg,1
bcc01308.jpg,1
bcc01309.jpg,1
bcc01310.jpg,1
bcc01311.jpg,1
bcc01312.jpg,1
bcc01313.jpg,1
bcc01314.jpg,1
bcc01315.jpg,1
bcc01316.jpg,1
bcc01317.jpg,1
bcc01318.jpg,1
bcc01319.jpg,1
bcc01320.jpg,1
bcc01321.jpg,1
bcc01322.jpg,1
bcc01323.jpg,1
bcc01324.jpg,1
bcc01325.jpg,1
bcc01326.jpg,1
bcc01327.jpg,1
bcc01328.jpg,1
bcc01329.jpg,1
bcc01330.jpg,1
bcc01331.jpg,1
bcc01332.jpg,1
bcc01333.jpg,1
bcc01334.jpg,1
bcc01335.jpg,1
bcc01336.jpg,1
bcc01337.jpg,1
bcc01338.jpg,1
bcc01339.jpg,1
bcc01340.jpg,1
bcc01341.jpg,1
bcc01342.jpg,1
bcc01343.jpg,1
bcc01344.jpg,1
bcc01345.jpg,1
bcc01346.jpg,1
bcc01347.jpg,1
bcc01348.jpg,1
bcc01349.jpg,1
bcc01350.jpg,1
bcc01351.jpg,1
bcc01352.jpg,1
bcc01353.jpg,1
bcc01354.jpg,1
bcc01355.jpg,1
bcc01356.jpg,1
bcc01357.jpg,1
bcc01358.jpg,1
bcc01359.jpg,1
bcc01360.jpg,1
bcc01361.jpg,1
bcc01362.jpg,1
bcc01363.jpg,1
bcc01364.jpg,1
bcc01365.jpg,1
bcc01366.jpg,1
bcc01367.jpg,1
bcc01368.jpg,1
bcc01369.jpg,1
bcc01370.jpg,1
bcc01371.jpg,1
bcc01372.jpg,1
bcc01373.jpg,1
bcc01374.jpg,1
bcc01375.jpg,1
bcc01376.jpg,1
bcc01377.jpg,1
bcc01378.jpg,1
bcc01379.jpg,1
bcc01380.jpg,1
bcc01381.jpg,1
bcc01382.jpg,1
bcc01383.jpg,1
bcc01384.jpg,1
bcc01385.jpg,1
bcc01386.jpg,1
bcc01387.jpg,1
bcc01388.jpg,1
bcc01389.jpg,1
bcc01390.jpg,1
bcc01391.jpg,1
bcc01392.jpg,1
bcc01393.jpg,1
bcc01394.jpg,1
bcc01395.jpg,1
bcc01396.jpg,1
bcc01397.jpg,1
bcc01398.jpg,1
bcc01399.jpg,1
bcc01400.jpg,1
bcc01401.jpg,1
bcc01402.jpg,1
bcc01403.jpg,1
bcc01404.jpg,1
bcc01405.jpg,1
bcc01406.jpg,1
bcc01407.jpg,1
bcc01408.jpg,1
bcc01409.jpg,1
bcc01410.jpg,1
bcc01411.jpg,1
bcc01412.jpg,1
bcc01413.jpg,1
bcc01414.jpg,1
bcc01415.jpg,1
bcc01416.jpg,1
bcc01417.jpg,1
bcc01418.jpg,1
bcc01419.jpg,1
bcc01420.jpg,1
bcc01421.jpg,1
bcc01422.jpg,1
bcc01423.jpg,1
bcc01424.jpg,1
bcc01425.jpg,1
bcc01426.jpg,1
bcc01427.jpg,1
bcc01428.jpg,1
bcc01429.jpg,1
bcc01430.jpg,1
bcc01431.jpg,1
bcc01432.jpg,1
bcc01433.jpg,1
bcc01434.jpg,1
bcc01435.jpg,1
bcc01436.jpg,1
bcc01437.jpg,1
bcc01438.jpg,1
bcc01439.jpg,1
bcc01440.jpg,1
bcc01441.jpg,1
bcc01442.jpg,1
bcc01443.jpg,1
bcc01444.jpg,1
bcc01445.jpg,1
bcc01446.jpg,1
bcc01447.jpg,1
bcc01448.jpg,1
bcc01449.jpg,1
bcc01450.jpg,1
bcc01451.jpg,1
bcc01452.jpg,1
bcc01453.jpg,1
bcc01454.jpg,1
bcc01455.jpg,1
bcc01456.jpg,1
bcc01457.jpg,1
bcc01458.jpg,1
bcc01459.jpg,1
bcc01460.jpg,1
bcc01461.jpg,1
bcc01462.jpg,1
bcc01463.jpg,1
bcc01464.jpg,1
bcc01465.jpg,1
bcc01466.jpg,1
bcc01467.jpg,1
bcc01468.jpg,1
bcc01469.jpg,1
bcc01470.jpg,1
bcc01471.jpg,1
bcc01472.jpg,1
bcc01473.jpg,1
bcc01474.jpg,1
bcc01475.jpg,1
bcc01476.jpg,1
bcc01477.jpg,1
bcc01478.jpg,1
bcc01479.jpg,1
bcc01480.jpg,1
bcc01481.jpg,1
bcc01482.jpg,1
bcc01483.jpg,1
bcc01484.jpg,1
bcc01485.jpg,1
bcc01486.jpg,1
bcc01487.jpg,1
bcc01488.jpg,1
bcc01489.jpg,1
bcc01490.jpg,1
bcc01491.jpg,1
bcc01492.jpg,1
bcc01493.jpg,1
bcc01494.jpg,1
bcc01495.jpg,1
bcc01496.jpg,1
bcc01497.jpg,1
bcc01498.jpg,1
bcc01499.jpg,1
bcc01500.jpg,1
bcc01501.jpg,1
bcc01502.jpg,1
bcc01503.jpg,1
bcc01504.jpg,1
bcc01505.jpg,1
bcc01506.jpg,1
bcc01507.jpg,1
bcc01508.jpg,1
bcc01509.jpg,1
bcc01510.jpg,1
bcc01511.jpg,1
bcc01512.jpg,1
bcc01513.jpg,1
bcc01514.jpg,1
bcc01515.jpg,1
bcc01516.jpg,1
bcc01517.jpg,1
bcc01518.jpg,1
bcc01519.jpg,1
bcc01520.jpg,1
bcc01521.jpg,1
bcc01522.jpg,1
bcc01523.jpg,1
bcc01524.jpg,1
bcc01525.jpg,1
bcc01526.jpg,1
bcc01527.jpg,1
bcc01528.jpg,1
bcc01529.jpg,1
bcc01530.jpg,1
bcc01531.jpg,1
bcc01532.jpg,1
bcc01533.jpg,1
bcc01534.jpg,1
bcc01535.jpg,1
bcc01536.jpg,1
bcc01537.jpg,1
bcc01538.jpg,1
bcc01539.jpg,1
bcc01540.jpg,1
bcc01541.jpg,1
bcc01542.jpg,1
bcc01543.jpg,1
bcc01544.jpg,1
bcc01545.jpg,1
bcc01546.jpg,1
bcc01547.jpg,1
bcc01548.jpg,1
bcc01549.jpg,1
bcc01550.jpg,1
bcc01551.jpg,1
bcc01552.jpg,1
bcc01553.jpg,1
bcc01554.jpg,1
bcc01555.jpg,1
bcc01556.jpg,1
bcc01557.jpg,1
bcc01558.jpg,1
bcc01559.jpg,1
bcc01560.jpg,1
bcc01561.jpg,1
bcc01562.jpg,1
bcc01563.jpg,1
bcc01564.jpg,1
bcc01565.jpg,1
bcc01566.jpg,1
bcc01567.jpg,1
bcc01568.jpg,1
bcc01569.jpg,1
bcc01570.jpg,1
bcc01571.jpg,1
bcc01572.jpg,1
bcc01573.jpg,1
bcc01574.jpg,1
bcc01575.jpg,1
bcc01576.jpg,1
bcc01577.jpg,1
bcc01578.jpg,1
bcc01579.jpg,1
bcc01580.jpg,1
bcc01581.jpg,1
bcc01582.jpg,1
bcc01583.jpg,1
bcc01584.jpg,1
bcc01585.jpg,1
bcc01586.jpg,1
bcc01587.jpg,1
bcc01588.jpg,1
bcc01589.jpg,1
bcc01590.jpg,1
bcc01591.jpg,1
bcc01592.jpg,1
bcc01593.jpg,1
bcc01594.jpg,1
bcc01595.jpg,1
bcc01596.jpg,1
bcc01597.jpg,1
bcc01598.jpg,1
bcc01599.jpg,1
bcc01600.jpg,1
bcc01601.jpg,1
bcc01602.jpg,1
bcc01603.jpg,1
bcc01604.jpg,1
bcc01605.jpg,1
bcc01606.jpg,1
bcc01607.jpg,1
bcc01608.jpg,1
bcc01609.jpg,1
bcc01610.jpg,1
bcc01611.jpg,1
bcc01612.jpg,1
bcc01613.jpg,1
bcc01614.jpg,1
bcc01615.jpg,1
bcc01616.jpg,1
bcc01617.jpg,1
bcc01618.jpg,1
bcc01619.jpg,1
bcc01620.jpg,1
bcc01621.jpg,1
bcc01622.jpg,1
bcc01623.jpg,1
bcc01624.jpg,1
bcc01625.jpg,1
bcc01626.jpg,1
bcc01627.jpg,1
bcc01628.jpg,1
bcc01629.jpg,1
bcc01630.jpg,1
bcc01631.jpg,1
bcc01632.jpg,1
bcc01633.jpg,1
bcc01634.jpg,1
bcc01635.jpg,1
bcc01636.jpg,1
bcc01637.jpg,1
bcc01638.jpg,1
bcc01639.jpg,1
bcc01640.jpg,1
bcc01641.jpg,1
bcc01642.jpg,1
bcc01643.jpg,1
bcc01644.jpg,1
bcc01645.jpg,1
bcc01646.jpg,1
bcc01647.jpg,1
bcc01648.jpg,1
bcc01649.jpg,1
bcc01650.jpg,1
bcc01651.jpg,1
bcc01652.jpg,1
bcc01653.jpg,1
bcc01654.jpg,1
bcc01655.jpg,1
bcc01656.jpg,1
bcc01657.jpg,1
bcc01658.jpg,1
bcc01659.jpg,1
bcc01660.jpg,1
bcc01661.jpg,1
bcc01662.jpg,1
bcc01663.jpg,1
bcc01664.jpg,1
bcc01665.jpg,1
bcc01666.jpg,1
bcc01667.jpg,1
bcc01668.jpg,1
bcc01669.jpg,1
bcc01670.jpg,1
bcc01671.jpg,1
bcc01672.jpg,1
bcc01673.jpg,1
bcc01674.jpg,1
bcc01675.jpg,1
bcc01676.jpg,1
bcc01677.jpg,1
bcc01678.jpg,1
bcc01679.jpg,1
bcc01680.jpg,1
bcc01681.jpg,1
bcc01682.jpg,1
bcc01683.jpg,1
bcc01684.jpg,1
bcc01685.jpg,1
bcc01686.jpg,1
bcc01687.jpg,1
bcc01688.jpg,1
bcc01689.jpg,1
bcc01690.jpg,1
bcc01691.jpg,1
bcc01692.jpg,1
bcc01693.jpg,1
bcc01694.jpg,1
bcc01695.jpg,1
bcc01696.jpg,1
bcc01697.jpg,1
bcc01698.jpg,1
bcc01699.jpg,1
bcc01700.jpg,1
bcc01701.jpg,1
bcc01702.jpg,1
bcc01703.jpg,1
bcc01704.jpg,1
bcc01705.jpg,1
bcc01706.jpg,1
bcc01707.jpg,1
bcc01708.jpg,1
bcc01709.jpg,1
bcc01710.jpg,1
bcc01711.jpg,1
bcc01712.jpg,1
bcc01713.jpg,1
bcc01714.jpg,1
bcc01715.jpg,1
bcc01716.jpg,1
bcc01717.jpg,1
bcc01718.jpg,1
bcc01719.jpg,1
bcc01720.jpg,1
bcc01721.jpg,1
bcc01722.jpg,1
bcc01723.jpg,1
bcc01724.jpg,1
bcc01725.jpg,1
bcc01726.jpg,1
bcc01727.jpg,1
bcc01728.jpg,1
bcc01729.jpg,1
bcc01730.jpg,1
bcc01731.jpg,1
bcc01732.jpg,1
bcc01733.jpg,1
bcc01734.jpg,1
bcc01735.jpg,1
bcc01736.jpg,1
bcc01737.jpg,1
bcc01738.jpg,1
bcc01739.jpg,1
bcc01740.jpg,1
bcc01741.jpg,1
bcc01742.jpg,1
bcc01743.jpg,1
bcc01744.jpg,1
bcc01745.jpg,1
bcc01746.jpg,1
bcc01747.jpg,1
bcc01748.jpg,1
bcc01749.jpg,1
bcc01750.jpg,1
bcc01751.jpg,1
bcc01752.jpg,1
bcc01753.jpg,1
bcc01754.jpg,1
bcc01755.jpg,1
bcc01756.jpg,1
bcc01757.jpg,1
bcc01758.jpg,1
bcc01759.jpg,1
bcc01760.jpg,1
bcc01761.jpg,1
bcc01762.jpg,1
bcc01763.jpg,1
bcc01764.jpg,1
bcc01765.jpg,1
bcc01766.jpg,1
bcc01767.jpg,1
bcc01768.jpg,1
bcc01769.jpg,1
bcc01770.jpg,1
bcc01771.jpg,1
bcc01772.jpg,1
bcc01773.jpg,1
bcc01774.jpg,1
bcc01775.jpg,1
bcc01776.jpg,1
bcc01777.jpg,1
bcc01778.jpg,1
bcc01779.jpg,1
bcc01780.jpg,1
bcc01781.jpg,1
bcc01782.jpg,1
bcc01783.jpg,1
bcc01784.jpg,1
bcc01785.jpg,1
bcc01786.jpg,1
bcc01787.jpg,1
bcc01788.jpg,1
bcc01789.jpg,1
bcc01790.jpg,1
bcc01791.jpg,1
bcc01792.jpg,1
bcc01793.jpg,1
bcc01794.jpg,1
bcc01795.jpg,1
bcc01796.jpg,1
bcc01797.jpg,1
bcc01798.jpg,1
bcc01799.jpg,1
bcc01800.jpg,1
bcc01801.jpg,1
bcc01802.jpg,1
bcc01803.jpg,1
bcc01804.jpg,1
bcc01805.jpg,1
bcc01806.jpg,1
bcc01807.jpg,1
bcc01808.jpg,1
bcc01809.jpg,1
bcc01810.jpg,1
bcc01811.jpg,1
bcc01812.jpg,1
bcc01813.jpg,1
bcc01814.jpg,1
bcc01815.jpg,1
bcc01816.jpg,1
bcc01817.jpg,1
bcc01818.jpg,1
bcc01819.jpg,1
bcc01820.jpg,1
bcc01821.jpg,1
bcc01822.jpg,1
bcc01823.jpg,1
bcc01824.jpg,1
bcc01825.jpg,1
bcc01826.jpg,1
bcc01827.jpg,1
bcc01828.jpg,1
bcc01829.jpg,1
bcc01830.jpg,1
bcc01831.jpg,1
bcc01832.jpg,1
bcc01833.jpg,1
bcc01834.jpg,1
bcc01835.jpg,1
bcc01836.jpg,1
bcc01837.jpg,1
bcc01838.jpg,1
bcc01839.jpg,1
bcc01840.jpg,1
bcc01841.jpg,1
bcc01842.jpg,1
bcc01843.jpg,1
bcc01844.jpg,1
bcc01845.jpg,1
bcc01846.jpg,1
bcc01847.jpg,1
bcc01848.jpg,1
bcc01849.jpg,1
bcc01850.jpg,1
bcc01851.jpg,1
bcc01852.jpg,1
bcc01853.jpg,1
bcc01854.jpg,1
bcc01855.jpg,1
bcc01856.jpg,1
bcc01857.jpg,1
bcc01858.jpg,1
bcc01859.jpg,1
bcc01860.jpg,1
bcc01861.jpg,1
bcc01862.jpg,1
bcc01863.jpg,1
bcc01864.jpg,1
bcc01865.jpg,1
bcc01866.jpg,1
bcc01867.jpg,1
bcc01868.jpg,1
bcc01869.jpg,1
bcc01870.jpg,1
bcc01871.jpg,1
bcc01872.jpg,1
bcc01873.jpg,1
bcc01874.jpg,1
bcc01875.jpg,1
bcc01876.jpg,1
bcc01877.jpg,1
bcc01878.jpg,1
bcc01879.jpg,1
bcc01880.jpg,1
bcc01881.jpg,1
bcc01882.jpg,1
bcc01883.jpg,1
bcc01884.jpg,1
bcc01885.jpg,1
bcc01886.jpg,1
bcc01887.jpg,1
bcc01888.jpg,1
bcc01889.jpg,1
bcc01890.jpg,1
bcc01891.jpg,1
bcc01892.jpg,1
bcc01893.jpg,1
bcc01894.jpg,1
bcc01895.jpg,1
bcc01896.jpg,1
bcc01897.jpg,1
bcc01898.jpg,1
bcc01899.jpg,1
bcc01900.jpg,1
bcc01901.jpg,1
bcc01902.jpg,1
bcc01903.jpg,1
bcc01904.jpg,1
bcc01905.jpg,1
bcc01906.jpg,1
bcc01907.jpg,1
bcc01908.jpg,1
bcc01909.jpg,1
bcc01910.jpg,1
bcc01911.jpg,1
bcc01912.jpg,1
bcc01913.jpg,1
bcc01914.jpg,1
bcc01915.jpg,1
bcc01916.jpg,1
bcc01917.jpg,1
bcc01918.jpg,1
bcc01919.jpg,1
bcc01920.jpg,1
bcc01921.jpg,1
bcc01922.jpg,1
bcc01923.jpg,1
bcc01924.jpg,1
bcc01925.jpg,1
bcc01926.jpg,1
bcc01927.jpg,1
bcc01928.jpg,1
bcc01929.jpg,1
bcc01930.jpg,1
bcc01931.jpg,1
bcc01932.jpg,1
bcc01933.jpg,1
bcc01934.jpg,1
bcc01935.jpg,1
bcc01936.jpg,1
bcc01937.jpg,1
bcc01938.jpg,1
bcc01939.jpg,1
bcc01940.jpg,1
bcc01941.jpg,1
bcc01942.jpg,1
bcc01943.jpg,1
bcc01944.jpg,1
bcc01945.jpg,1
bcc01946.jpg,1
bcc01947.jpg,1
bcc01948.jpg,1
bcc01949.jpg,1
bcc01950.jpg,1
bcc01951.jpg,1
bcc01952.jpg,1
bcc01953.jpg,1
bcc01954.jpg,1
bcc01955.jpg,1
bcc01956.jpg,1
bcc01957.jpg,1
bcc01958.jpg,1
bcc01959.jpg,1
bcc01960.jpg,1
bcc01961.jpg,1
bcc01962.jpg,1
bcc01963.jpg,1
bcc01964.jpg,1
bcc01965.jpg,1
bcc01966.jpg,1
bcc01967.jpg,1
bcc01968.jpg,1
bcc01969.jpg,1
bcc01970.jpg,1
bcc01971.jpg,1
bcc01972.jpg,1
bcc01973.jpg,1
bcc01974.jpg,1
bcc01975.jpg,1
bcc01976.jpg,1
bcc01977.jpg,1
bcc01978.jpg,1
bcc01979.jpg,1
bcc01980.jpg,1
bcc01981.jpg,1
bcc01982.jpg,1
bcc01983.jpg,1
bcc01984.jpg,1
bcc01985.jpg,1
bcc01986.jpg,1
bcc01987.jpg,1
bcc01988.jpg,1
bcc01989.jpg,1
bcc01990.jpg,1
bcc01991.jpg,1
bcc01992.jpg,1
bcc01993.jpg,1
bkl00001.jpg,1
bkl00002.jpg,1
bkl00003.jpg,1
bkl00004.jpg,1
bkl00005.jpg,1
bkl00006.jpg,1
bkl00007.jpg,1
bkl00008.jpg,1
bkl00009.jpg,1
bkl00010.jpg,1
bkl00011.jpg,1
bkl00012.jpg,1
bkl00013.jpg,1
bkl00014.jpg,1
bkl00015.jpg,1
bkl00016.jpg,1
bkl00017.jpg,1
bkl00018.jpg,1
bkl00019.jpg,1
bkl00020.jpg,1
bkl00021.jpg,1
bkl00022.jpg,1
bkl00023.jpg,1
bkl00024.jpg,1
bkl00025.jpg,1
bkl00026.jpg,1
bkl00027.jpg,1
bkl00028.jpg,1
bkl00029.jpg,1
bkl00030.jpg,1
bkl00031.jpg,1
bkl00032.jpg,1
bkl00033.jpg,1
bkl00034.jpg,1
bkl00035.jpg,1
bkl00036.jpg,1
bkl00037.jpg,1
bkl00038.jpg,1
bkl00039.jpg,1
bkl00040.jpg,1
bkl00041.jpg,1
bkl00042.jpg,1
bkl00043.jpg,1
bkl00044.jpg,1
bkl00045.jpg,1
bkl00046.jpg,1
bkl00047.jpg,1
bkl00048.jpg,1
bkl00049.jpg,1
bkl00050.jpg,1
bkl00051.jpg,1
bkl00052.jpg,1
bkl00053.jpg,1
bkl00054.jpg,1
bkl00055.jpg,1
bkl00056.jpg,1
bkl00057.jpg,1
bkl00058.jpg,1
bkl00059.jpg,1
bkl00060.jpg,1
bkl00061.jpg,1
bkl00062.jpg,1
bkl00063.jpg,1
bkl00064.jpg,1
bkl00065.jpg,1
bkl00066.jpg,1
bkl00067.jpg,1
bkl00068.jpg,1
bkl00069.jpg,1
bkl00070.jpg,1
bkl00071.jpg,1
bkl00072.jpg,1
bkl00073.jpg,1
bkl00074.jpg,1
bkl00075.jpg,1
bkl00076.jpg,1
bkl00077.jpg,1
bkl00078.jpg,1
bkl00079.jpg,1
bkl00080.jpg,1
bkl00081.jpg,1
bkl00082.jpg,1
bkl00083.jpg,1
bkl00084.jpg,1
bkl00085.jpg,1
bkl00086.jpg,1
bkl00087.jpg,1
bkl00088.jpg,1
bkl00089.jpg,1
bkl00090.jpg,1
bkl00091.jpg,1
bkl00092.jpg,1
bkl00093.jpg,1
bkl00094.jpg,1
bkl00095.jpg,1
bkl00096.jpg,1
bkl00097.jpg,1
bkl00098.jpg,1
bkl00099.jpg,1
bkl00100.jpg,1
bkl00101.jpg,1
bkl00102.jpg,1
bkl00103.jpg,1
bkl00104.jpg,1
bkl00105.jpg,1
bkl00106.jpg,1
bkl00107.jpg,1
bkl00108.jpg,1
bkl00109.jpg,1
bkl00110.jpg,1
bkl00111.jpg,1
bkl00112.jpg,1
bkl00113.jpg,1
bkl00114.jpg,1
bkl00115.jpg,1
bkl00116.jpg,1
bkl00117.jpg,1
bkl00118.jpg,1
bkl00119.jpg,1
bkl00120.jpg,1
bkl00121.jpg,1
bkl00122.jpg,1
bkl00123.jpg,1
bkl00124.jpg,1
bkl00125.jpg,1
bkl00126.jpg,1
bkl00127.jpg,1
bkl00128.jpg,1
bkl00129.jpg,1
bkl00130.jpg,1
bkl00131.jpg,1
bkl00132.jpg,1
bkl00133.jpg,1
bkl00134.jpg,1
bkl00135.jpg,1
bkl00136.jpg,1
bkl00137.jpg,1
bkl00138.jpg,1
bkl00139.jpg,1
bkl00140.jpg,1
bkl00141.jpg,1
bkl00142.jpg,1
bkl00143.jpg,1
bkl00144.jpg,1
bkl00145.jpg,1
bkl00146.jpg,1
bkl00147.jpg,1
bkl00148.jpg,1
bkl00149.jpg,1
bkl00150.jpg,1
bkl00151.jpg,1
bkl00152.jpg,1
bkl00153.jpg,1
bkl00154.jpg,1
bkl00155.jpg,1
bkl00156.jpg,1
bkl00157.jpg,1
bkl00158.jpg,1
bkl00159.jpg,1
bkl00160.jpg,1
bkl00161.jpg,1
bkl00162.jpg,1
bkl00163.jpg,1
bkl00164.jpg,1
bkl00165.jpg,1
bkl00166.jpg,1
bkl00167.jpg,1
bkl00168.jpg,1
bkl00169.jpg,1
bkl00170.jpg,1
bkl00171.jpg,1
bkl00172.jpg,1
bkl00173.jpg,1
bkl00174.jpg,1
bkl00175.jpg,1
bkl00176.jpg,1
bkl00177.jpg,1
bkl00178.jpg,1
bkl00179.jpg,1
bkl00180.jpg,1
bkl00181.jpg,1
bkl00182.jpg,1
bkl00183.jpg,1
bkl00184.jpg,1
bkl00185.jpg,1
bkl00186.jpg,1
bkl00187.jpg,1
bkl00188.jpg,1
bkl00189.jpg,1
bkl00190.jpg,1
bkl00191.jpg,1
bkl00192.jpg,1
bkl00193.jpg,1
bkl00194.jpg,1
bkl00195.jpg,1
bkl00196.jpg,1
bkl00197.jpg,1
bkl00198.jpg,1
bkl00199.jpg,1
bkl00200.jpg,1
bkl00201.jpg,1
bkl00202.jpg,1
bkl00203.jpg,1
bkl00204.jpg,1
bkl00205.jpg,1
bkl00206.jpg,1
bkl00207.jpg,1
bkl00208.jpg,1
bkl00209.jpg,1
bkl00210.jpg,1
bkl00211.jpg,1
bkl00212.jpg,1
bkl00213.jpg,1
bkl00214.jpg,1
bkl00215.jpg,1
bkl00216.jpg,1
bkl00217.jpg,1
bkl00218.jpg,1
bkl00219.jpg,1
bkl00220.jpg,1
bkl00221.jpg,1
bkl00222.jpg,1
bkl00223.jpg,1
bkl00224.jpg,1
bkl00225.jpg,1
bkl00226.jpg,1
bkl00227.jpg,1
bkl00228.jpg,1
bkl00229.jpg,1
bkl00230.jpg,1
bkl00231.jpg,1
bkl00232.jpg,1
bkl00233.jpg,1
bkl00234.jpg,1
bkl00235.jpg,1
bkl00236.jpg,1
bkl00237.jpg,1
bkl00238.jpg,1
bkl00239.jpg,1
bkl00240.jpg,1
bkl00241.jpg,1
bkl00242.jpg,1
bkl00243.jpg,1
bkl00244.jpg,1
bkl00245.jpg,1
bkl00246.jpg,1
bkl00247.jpg,1
bkl00248.jpg,1
bkl00249.jpg,1
bkl00250.jpg,1
bkl00251.jpg,1
bkl00252.jpg,1
bkl00253.jpg,1
bkl00254.jpg,1
bkl00255.jpg,1
bkl00256.jpg,1
bkl00257.jpg,1
bkl00258.jpg,1
bkl00259.jpg,1
bkl00260.jpg,1
bkl00261.jpg,1
bkl00262.jpg,1
bkl00263.jpg,1
bkl00264.jpg,1
bkl00265.jpg,1
bkl00266.jpg,1
bkl00267.jpg,1
bkl00268.jpg,1
bkl00269.jpg,1
bkl00270.jpg,1
bkl00271.jpg,1
bkl00272.jpg,1
bkl00273.jpg,1
bkl00274.jpg,1
bkl00275.jpg,1
bkl00276.jpg,1
bkl00277.jpg,1
bkl00278.jpg,1
bkl00279.jpg,1
bkl00280.jpg,1
bkl00281.jpg,1
bkl00282.jpg,1
bkl00283.jpg,1
bkl00284.jpg,1
bkl00285.jpg,1
bkl00286.jpg,1
bkl00287.jpg,1
bkl00288.jpg,1
bkl00289.jpg,1
bkl00290.jpg,1
bkl00291.jpg,1
bkl00292.jpg,1
bkl00293.jpg,1
bkl00294.jpg,1
bkl00295.jpg,1
bkl00296.jpg,1
bkl00297.jpg,1
bkl00298.jpg,1
bkl00299.jpg,1
bkl00300.jpg,1
bkl00301.jpg,1
bkl00302.jpg,1
bkl00303.jpg,1
bkl00304.jpg,1
bkl00305.jpg,1
bkl00306.jpg,1
bkl00307.jpg,1
bkl00308.jpg,1
bkl00309.jpg,1
bkl00310.jpg,1
bkl00311.jpg,1
bkl00312.jpg,1
bkl00313.jpg,1
bkl00314.jpg,1
bkl00315.jpg,1
bkl00316.jpg,1
bkl00317.jpg,1
bkl00318.jpg,1
bkl00319.jpg,1
bkl00320.jpg,1
bkl00321.jpg,1
bkl00322.jpg,1
bkl00323.jpg,1
bkl00324.jpg,1
bkl00325.jpg,1
bkl00326.jpg,1
bkl00327.jpg,1
bkl00328.jpg,1
bkl00329.jpg,1
bkl00330.jpg,1
bkl00331.jpg,1
bkl00332.jpg,1
bkl00333.jpg,1
bkl00334.jpg,1
bkl00335.jpg,1
bkl00336.jpg,1
bkl00337.jpg,1
bkl00338.jpg,1
bkl00339.jpg,1
bkl00340.jpg,1
bkl00341.jpg,1
bkl00342.jpg,1
bkl00343.jpg,1
bkl00344.jpg,1
bkl00345.jpg,1
bkl00346.jpg,1
bkl00347.jpg,1
bkl00348.jpg,1
bkl00349.jpg,1
bkl00350.jpg,1
bkl00351.jpg,1
bkl00352.jpg,1
bkl00353.jpg,1
bkl00354.jpg,1
bkl00355.jpg,1
bkl00356.jpg,1
bkl00357.jpg,1
bkl00358.jpg,1
bkl00359.jpg,1
bkl00360.jpg,1
bkl00361.jpg,1
bkl00362.jpg,1
bkl00363.jpg,1
bkl00364.jpg,1
bkl00365.jpg,1
bkl00366.jpg,1
bkl00367.jpg,1
bkl00368.jpg,1
bkl00369.jpg,1
bkl00370.jpg,1
bkl00371.jpg,1
bkl00372.jpg,1
bkl00373.jpg,1
bkl00374.jpg,1
bkl00375.jpg,1
bkl00376.jpg,1
bkl00377.jpg,1
bkl00378.jpg,1
bkl00379.jpg,1
bkl00380.jpg,1
bkl00381.jpg,1
bkl00382.jpg,1
bkl00383.jpg,1
bkl00384.jpg,1
bkl00385.jpg,1
bkl00386.jpg,1
bkl00387.jpg,1
bkl00388.jpg,1
bkl00389.jpg,1
bkl00390.jpg,1
bkl00391.jpg,1
bkl00392.jpg,1
bkl00393.jpg,1
bkl00394.jpg,1
bkl00395.jpg,1
bkl00396.jpg,1
bkl00397.jpg,1
bkl00398.jpg,1
bkl00399.jpg,1
bkl00400.jpg,1
bkl00401.jpg,1
bkl00402.jpg,1
bkl00403.jpg,1
bkl00404.jpg,1
bkl00405.jpg,1
bkl00406.jpg,1
bkl00407.jpg,1
bkl00408.jpg,1
bkl00409.jpg,1
bkl00410.jpg,1
bkl00411.jpg,1
bkl00412.jpg,1
bkl00413.jpg,1
bkl00414.jpg,1
bkl00415.jpg,1
bkl00416.jpg,1
bkl00417.jpg,1
bkl00418.jpg,1
bkl00419.jpg,1
bkl00420.jpg,1
bkl00421.jpg,1
bkl00422.jpg,1
bkl00423.jpg,1
bkl00424.jpg,1
bkl00425.jpg,1
bkl00426.jpg,1
bkl00427.jpg,1
bkl00428.jpg,1
bkl00429.jpg,1
bkl00430.jpg,1
bkl00431.jpg,1
bkl00432.jpg,1
bkl00433.jpg,1
bkl00434.jpg,1
bkl00435.jpg,1
bkl00436.jpg,1
bkl00437.jpg,1
bkl00438.jpg,1
bkl00439.jpg,1
bkl00440.jpg,1
bkl00441.jpg,1
bkl00442.jpg,1
bkl00443.jpg,1
bkl00444.jpg,1
bkl00445.jpg,1
bkl00446.jpg,1
bkl00447.jpg,1
bkl00448.jpg,1
bkl00449.jpg,1
bkl00450.jpg,1
bkl00451.jpg,1
bkl00452.jpg,1
bkl00453.jpg,1
bkl00454.jpg,1
bkl00455.jpg,1
bkl00456.jpg,1
bkl00457.jpg,1
bkl00458.jpg,1
bkl00459.jpg,1
bkl00460.jpg,1
bkl00461.jpg,1
bkl00462.jpg,1
bkl00463.jpg,1
bkl00464.jpg,1
bkl00465.jpg,1
bkl00466.jpg,1
bkl00467.jpg,1
bkl00468.jpg,1
bkl00469.jpg,1
bkl00470.jpg,1
bkl00471.jpg,1
bkl00472.jpg,1
bkl00473.jpg,1
bkl00474.jpg,1
bkl00475.jpg,1
bkl00476.jpg,1
bkl00477.jpg,1
bkl00478.jpg,1
bkl00479.jpg,1
bkl00480.jpg,1
bkl00481.jpg,1
bkl00482.jpg,1
bkl00483.jpg,1
bkl00484.jpg,1
bkl00485.jpg,1
bkl00486.jpg,1
bkl00487.jpg,1
bkl00488.jpg,1
bkl00489.jpg,1
bkl00490.jpg,1
bkl00491.jpg,1
bkl00492.jpg,1
bkl00493.jpg,1
bkl00494.jpg,1
bkl00495.jpg,1
bkl00496.jpg,1
bkl00497.jpg,1
bkl00498.jpg,1
bkl00499.jpg,1
bkl00500.jpg,1
bkl00501.jpg,1
bkl00502.jpg,1
bkl00503.jpg,1
bkl00504.jpg,1
bkl00505.jpg,1
bkl00506.jpg,1
bkl00507.jpg,1
bkl00508.jpg,1
bkl00509.jpg,1
bkl00510.jpg,1
bkl00511.jpg,1
bkl00512.jpg,1
bkl00513.jpg,1
bkl00514.jpg,1
bkl00515.jpg,1
bkl00516.jpg,1
bkl00517.jpg,1
bkl00518.jpg,1
bkl00519.jpg,1
bkl00520.jpg,1
bkl00521.jpg,1
bkl00522.jpg,1
bkl00523.jpg,1
bkl00524.jpg,1
bkl00525.jpg,1
bkl00526.jpg,1
bkl00527.jpg,1
bkl00528.jpg,1
bkl00529.jpg,1
bkl00530.jpg,1
bkl00531.jpg,1
bkl00532.jpg,1
bkl00533.jpg,1
bkl00534.jpg,1
bkl00535.jpg,1
bkl00536.jpg,1
bkl00537.jpg,1
bkl00538.jpg,1
bkl00539.jpg,1
bkl00540.jpg,1
bkl00541.jpg,1
bkl00542.jpg,1
bkl00543.jpg,1
bkl00544.jpg,1
bkl00545.jpg,1
bkl00546.jpg,1
bkl00547.jpg,1
bkl00548.jpg,1
bkl00549.jpg,1
bkl00550.jpg,1
bkl00551.jpg,1
bkl00552.jpg,1
bkl00553.jpg,1
bkl00554.jpg,1
bkl00555.jpg,1
bkl00556.jpg,1
bkl00557.jpg,1
bkl00558.jpg,1
bkl00559.jpg,1
bkl00560.jpg,1
bkl00561.jpg,1
bkl00562.jpg,1
bkl00563.jpg,1
bkl00564.jpg,1
bkl00565.jpg,1
bkl00566.jpg,1
bkl00567.jpg,1
bkl00568.jpg,1
bkl00569.jpg,1
bkl00570.jpg,1
bkl00571.jpg,1
bkl00572.jpg,1
bkl00573.jpg,1
bkl00574.jpg,1
bkl00575.jpg,1
bkl00576.jpg,1
bkl00577.jpg,1
bkl00578.jpg,1
bkl00579.jpg,1
bkl00580.jpg,1
bkl00581.jpg,1
bkl00582.jpg,1
bkl00583.jpg,1
bkl00584.jpg,1
bkl00585.jpg,1
bkl00586.jpg,1
bkl00587.jpg,1
bkl00588.jpg,1
bkl00589.jpg,1
bkl00590.jpg,1
bkl00591.jpg,1
bkl00592.jpg,1
bkl00593.jpg,1
bkl00594.jpg,1
bkl00595.jpg,1
bkl00596.jpg,1
bkl00597.jpg,1
bkl00598.jpg,1
bkl00599.jpg,1
bkl00600.jpg,1
bkl00601.jpg,1
bkl00602.jpg,1
bkl00603.jpg,1
bkl00604.jpg,1
bkl00605.jpg,1
bkl00606.jpg,1
bkl00607.jpg,1
bkl00608.jpg,1
bkl00609.jpg,1
bkl00610.jpg,1
bkl00611.jpg,1
bkl00612.jpg,1
bkl00613.jpg,1
bkl00614.jpg,1
bkl00615.jpg,1
bkl00616.jpg,1
bkl00617.jpg,1
bkl00618.jpg,1
bkl00619.jpg,1
bkl00620.jpg,1
bkl00621.jpg,1
bkl00622.jpg,1
bkl00623.jpg,1
bkl00624.jpg,1
bkl00625.jpg,1
bkl00626.jpg,1
bkl00627.jpg,1
bkl00628.jpg,1
bkl00629.jpg,1
bkl00630.jpg,1
bkl00631.jpg,1
bkl00632.jpg,1
bkl00633.jpg,1
bkl00634.jpg,1
bkl00635.jpg,1
bkl00636.jpg,1
bkl00637.jpg,1
bkl00638.jpg,1
bkl00639.jpg,1
bkl00640.jpg,1
bkl00641.jpg,1
bkl00642.jpg,1
bkl00643.jpg,1
bkl00644.jpg,1
bkl00645.jpg,1
bkl00646.jpg,1
bkl00647.jpg,1
bkl00648.jpg,1
bkl00649.jpg,1
bkl00650.jpg,1
bkl00651.jpg,1
bkl00652.jpg,1
bkl00653.jpg,1
bkl00654.jpg,1
bkl00655.jpg,1
bkl00656.jpg,1
bkl00657.jpg,1
bkl00658.jpg,1
bkl00659.jpg,1
bkl00660.jpg,1
bkl00661.jpg,1
bkl00662.jpg,1
bkl00663.jpg,1
bkl00664.jpg,1
bkl00665.jpg,1
bkl00666.jpg,1
bkl00667.jpg,1
bkl00668.jpg,1
bkl00669.jpg,1
bkl00670.jpg,1
bkl00671.jpg,1
bkl00672.jpg,1
bkl00673.jpg,1
bkl00674.jpg,1
bkl00675.jpg,1
bkl00676.jpg,1
bkl00677.jpg,1
bkl00678.jpg,1
bkl00679.jpg,1
bkl00680.jpg,1
bkl00681.jpg,1
bkl00682.jpg,1
bkl00683.jpg,1
bkl00684.jpg,1
bkl00685.jpg,1
bkl00686.jpg,1
bkl00687.jpg,1
bkl00688.jpg,1
bkl00689.jpg,1
bkl00690.jpg,1
bkl00691.jpg,1
bkl00692.jpg,1
bkl00693.jpg,1
bkl00694.jpg,1
bkl00695.jpg,1
bkl00696.jpg,1
bkl00697.jpg,1
bkl00698.jpg,1
bkl00699.jpg,1
bkl00700.jpg,1
bkl00701.jpg,1
bkl00702.jpg,1
bkl00703.jpg,1
bkl00704.jpg,1
bkl00705.jpg,1
bkl00706.jpg,1
bkl00707.jpg,1
bkl00708.jpg,1
bkl00709.jpg,1
bkl00710.jpg,1
bkl00711.jpg,1
bkl00712.jpg,1
bkl00713.jpg,1
bkl00714.jpg,1
bkl00715.jpg,1
bkl00716.jpg,1
bkl00717.jpg,1
bkl00718.jpg,1
bkl00719.jpg,1
bkl00720.jpg,1
bkl00721.jpg,1
bkl00722.jpg,1
bkl00723.jpg,1
bkl00724.jpg,1
bkl00725.jpg,1
bkl00726.jpg,1
bkl00727.jpg,1
bkl00728.jpg,1
bkl00729.jpg,1
bkl00730.jpg,1
bkl00731.jpg,1
bkl00732.jpg,1
bkl00733.jpg,1
bkl00734.jpg,1
bkl00735.jpg,1
bkl00736.jpg,1
bkl00737.jpg,1
bkl00738.jpg,1
bkl00739.jpg,1
bkl00740.jpg,1
bkl00741.jpg,1
bkl00742.jpg,1
bkl00743.jpg,1
bkl00744.jpg,1
bkl00745.jpg,1
bkl00746.jpg,1
bkl00747.jpg,1
bkl00748.jpg,1
bkl00749.jpg,1
bkl00750.jpg,1
bkl00751.jpg,1
bkl00752.jpg,1
bkl00753.jpg,1
bkl00754.jpg,1
bkl00755.jpg,1
bkl00756.jpg,1
bkl00757.jpg,1
bkl00758.jpg,1
bkl00759.jpg,1
bkl00760.jpg,1
bkl00761.jpg,1
bkl00762.jpg,1
bkl00763.jpg,1
bkl00764.jpg,1
bkl00765.jpg,1
bkl00766.jpg,1
bkl00767.jpg,1
bkl00768.jpg,1
bkl00769.jpg,1
bkl00770.jpg,1
bkl00771.jpg,1
bkl00772.jpg,1
bkl00773.jpg,1
bkl00774.jpg,1
bkl00775.jpg,1
bkl00776.jpg,1
bkl00777.jpg,1
bkl00778.jpg,1
bkl00779.jpg,1
bkl00780.jpg,1
bkl00781.jpg,1
bkl00782.jpg,1
bkl00783.jpg,1
bkl00784.jpg,1
bkl00785.jpg,1
bkl00786.jpg,1
bkl00787.jpg,1
bkl00788.jpg,1
bkl00789.jpg,1
bkl00790.jpg,1
bkl00791.jpg,1
bkl00792.jpg,1
bkl00793.jpg,1
bkl00794.jpg,1
bkl00795.jpg,1
bkl00796.jpg,1
bkl00797.jpg,1
bkl00798.jpg,1
bkl00799.jpg,1
bkl00800.jpg,1
bkl00801.jpg,1
bkl00802.jpg,1
bkl00803.jpg,1
bkl00804.jpg,1
bkl00805.jpg,1
bkl00806.jpg,1
bkl00807.jpg,1
bkl00808.jpg,1
bkl00809.jpg,1
bkl00810.jpg,1
bkl00811.jpg,1
bkl00812.jpg,1
bkl00813.jpg,1
bkl00814.jpg,1
bkl00815.jpg,1
bkl00816.jpg,1
bkl00817.jpg,1
bkl00818.jpg,1
bkl00819.jpg,1
bkl00820.jpg,1
bkl00821.jpg,1
bkl00822.jpg,1
bkl00823.jpg,1
bkl00824.jpg,1
bkl00825.jpg,1
bkl00826.jpg,1
bkl00827.jpg,1
bkl00828.jpg,1
bkl00829.jpg,1
bkl00830.jpg,1
bkl00831.jpg,1
bkl00832.jpg,1
bkl00833.jpg,1
bkl00834.jpg,1
bkl00835.jpg,1
bkl00836.jpg,1
bkl00837.jpg,1
bkl00838.jpg,1
bkl00839.jpg,1
bkl00840.jpg,1
bkl00841.jpg,1
bkl00842.jpg,1
bkl00843.jpg,1
bkl00844.jpg,1
bkl00845.jpg,1
bkl00846.jpg,1
bkl00847.jpg,1
bkl00848.jpg,1
bkl00849.jpg,1
bkl00850.jpg,1
bkl00851.jpg,1
bkl00852.jpg,1
bkl00853.jpg,1
bkl00854.jpg,1
bkl00855.jpg,1
bkl00856.jpg,1
bkl00857.jpg,1
bkl00858.jpg,1
bkl00859.jpg,1
bkl00860.jpg,1
bkl00861.jpg,1
bkl00862.jpg,1
bkl00863.jpg,1
bkl00864.jpg,1
bkl00865.jpg,1
bkl00866.jpg,1
bkl00867.jpg,1
bkl00868.jpg,1
bkl00869.jpg,1
bkl00870.jpg,1
bkl00871.jpg,1
bkl00872.jpg,1
bkl00873.jpg,1
bkl00874.jpg,1
bkl00875.jpg,1
bkl00876.jpg,1
bkl00877.jpg,1
bkl00878.jpg,1
bkl00879.jpg,1
bkl00880.jpg,1
bkl00881.jpg,1
bkl00882.jpg,1
bkl00883.jpg,1
bkl00884.jpg,1
bkl00885.jpg,1
bkl00886.jpg,1
bkl00887.jpg,1
bkl00888.jpg,1
bkl00889.jpg,1
bkl00890.jpg,1
bkl00891.jpg,1
bkl00892.jpg,1
bkl00893.jpg,1
bkl00894.jpg,1
bkl00895.jpg,1
bkl00896.jpg,1
bkl00897.jpg,1
bkl00898.jpg,1
bkl00899.jpg,1
bkl00900.jpg,1
bkl00901.jpg,1
bkl00902.jpg,1
bkl00903.jpg,1
bkl00904.jpg,1
bkl00905.jpg,1
bkl00906.jpg,1
bkl00907.jpg,1
bkl00908.jpg,1
bkl00909.jpg,1
bkl00910.jpg,1
bkl00911.jpg,1
bkl00912.jpg,1
bkl00913.jpg,1
bkl00914.jpg,1
bkl00915.jpg,1
bkl00916.jpg,1
bkl00917.jpg,1
bkl00918.jpg,1
bkl00919.jpg,1
bkl00920.jpg,1
bkl00921.jpg,1
bkl00922.jpg,1
bkl00923.jpg,1
bkl00924.jpg,1
bkl00925.jpg,1
bkl00926.jpg,1
bkl00927.jpg,1
bkl00928.jpg,1
bkl00929.jpg,1
bkl00930.jpg,1
bkl00931.jpg,1
bkl00932.jpg,1
bkl00933.jpg,1
bkl00934.jpg,1
bkl00935.jpg,1
bkl00936.jpg,1
bkl00937.jpg,1
bkl00938.jpg,1
bkl00939.jpg,1
bkl00940.jpg,1
bkl00941.jpg,1
bkl00942.jpg,1
bkl00943.jpg,1
bkl00944.jpg,1
bkl00945.jpg,1
bkl00946.jpg,1
bkl00947.jpg,1
bkl00948.jpg,1
bkl00949.jpg,1
bkl00950.jpg,1
bkl00951.jpg,1
bkl00952.jpg,1
bkl00953.jpg,1
bkl00954.jpg,1
bkl00955.jpg,1
bkl00956.jpg,1
bkl00957.jpg,1
bkl00958.jpg,1
bkl00959.jpg,1
bkl00960.jpg,1
bkl00961.jpg,1
bkl00962.jpg,1
bkl00963.jpg,1
bkl00964.jpg,1
bkl00965.jpg,1
bkl00966.jpg,1
bkl00967.jpg,1
bkl00968.jpg,1
bkl00969.jpg,1
bkl00970.jpg,1
bkl00971.jpg,1
bkl00972.jpg,1
bkl00973.jpg,1
bkl00974.jpg,1
bkl00975.jpg,1
bkl00976.jpg,1
bkl00977.jpg,1
bkl00978.jpg,1
bkl00979.jpg,1
bkl00980.jpg,1
bkl00981.jpg,1
bkl00982.jpg,1
bkl00983.jpg,1
bkl00984.jpg,1
bkl00985.jpg,1
bkl00986.jpg,1
bkl00987.jpg,1
bkl00988.jpg,1
bkl00989.jpg,1
bkl00990.jpg,1
bkl00991.jpg,1
bkl00992.jpg,1
bkl00993.jpg,1
bkl00994.jpg,1
bkl00995.jpg,1
bkl00996.jpg,1
bkl00997.jpg,1
bkl00998.jpg,1
bkl00999.jpg,1
bkl01000.jpg,1
bkl01001.jpg,1
bkl01002.jpg,1
bkl01003.jpg,1
bkl01004.jpg,1
bkl01005.jpg,1
bkl01006.jpg,1
bkl01007.jpg,1
bkl01008.jpg,1
bkl01009.jpg,1
bkl01010.jpg,1
bkl01011.jpg,1
bkl01012.jpg,1
bkl01013.jpg,1
bkl01014.jpg,1
bkl01015.jpg,1
bkl01016.jpg,1
bkl01017.jpg,1
bkl01018.jpg,1
bkl01019.jpg,1
bkl01020.jpg,1
bkl01021.jpg,1
bkl01022.jpg,1
bkl01023.jpg,1
bkl01024.jpg,1
bkl01025.jpg,1
bkl01026.jpg,1
bkl01027.jpg,1
bkl01028.jpg,1
bkl01029.jpg,1
bkl01030.jpg,1
bkl01031.jpg,1
bkl01032.jpg,1
bkl01033.jpg,1
bkl01034.jpg,1
bkl01035.jpg,1
bkl01036.jpg,1
bkl01037.jpg,1
bkl01038.jpg,1
bkl01039.jpg,1
bkl01040.jpg,1
bkl01041.jpg,1
bkl01042.jpg,1
bkl01043.jpg,1
bkl01044.jpg,1
bkl01045.jpg,1
bkl01046.jpg,1
bkl01047.jpg,1
bkl01048.jpg,1
bkl01049.jpg,1
bkl01050.jpg,1
bkl01051.jpg,1
bkl01052.jpg,1
bkl01053.jpg,1
bkl01054.jpg,1
bkl01055.jpg,1
bkl01056.jpg,1
bkl01057.jpg,1
bkl01058.jpg,1
bkl01059.jpg,1
bkl01060.jpg,1
bkl01061.jpg,1
bkl01062.jpg,1
bkl01063.jpg,1
bkl01064.jpg,1
bkl01065.jpg,1
bkl01066.jpg,1
bkl01067.jpg,1
bkl01068.jpg,1
bkl01069.jpg,1
bkl01070.jpg,1
bkl01071.jpg,1
bkl01072.jpg,1
bkl01073.jpg,1
bkl01074.jpg,1
bkl01075.jpg,1
bkl01076.jpg,1
bkl01077.jpg,1
bkl01078.jpg,1
bkl01079.jpg,1
bkl01080.jpg,1
bkl01081.jpg,1
bkl01082.jpg,1
bkl01083.jpg,1
bkl01084.jpg,1
bkl01085.jpg,1
bkl01086.jpg,1
bkl01087.jpg,1
bkl01088.jpg,1
bkl01089.jpg,1
bkl01090.jpg,1
bkl01091.jpg,1
bkl01092.jpg,1
bkl01093.jpg,1
bkl01094.jpg,1
bkl01095.jpg,1
bkl01096.jpg,1
bkl01097.jpg,1
bkl01098.jpg,1
bkl01099.jpg,1
bkl01100.jpg,1
bkl01101.jpg,1
bkl01102.jpg,1
bkl01103.jpg,1
bkl01104.jpg,1
bkl01105.jpg,1
bkl01106.jpg,1
bkl01107.jpg,1
bkl01108.jpg,1
bkl01109.jpg,1
bkl01110.jpg,1
bkl01111.jpg,1
bkl01112.jpg,1
bkl01113.jpg,1
bkl01114.jpg,1
bkl01115.jpg,1
bkl01116.jpg,1
bkl01117.jpg,1
bkl01118.jpg,1
bkl01119.jpg,1
bkl01120.jpg,1
bkl01121.jpg,1
bkl01122.jpg,1
bkl01123.jpg,1
bkl01124.jpg,1
bkl01125.jpg,1
bkl01126.jpg,1
bkl01127.jpg,1
bkl01128.jpg,1
bkl01129.jpg,1
bkl01130.jpg,1
bkl01131.jpg,1
bkl01132.jpg,1
bkl01133.jpg,1
bkl01134.jpg,1
bkl01135.jpg,1
bkl01136.jpg,1
bkl01137.jpg,1
bkl01138.jpg,1
bkl01139.jpg,1
bkl01140.jpg,1
bkl01141.jpg,1
bkl01142.jpg,1
bkl01143.jpg,1
bkl01144.jpg,1
bkl01145.jpg,1
bkl01146.jpg,1
bkl01147.jpg,1
bkl01148.jpg,1
bkl01149.jpg,1
bkl01150.jpg,1
bkl01151.jpg,1
bkl01152.jpg,1
bkl01153.jpg,1
bkl01154.jpg,1
bkl01155.jpg,1
bkl01156.jpg,1
bkl01157.jpg,1
bkl01158.jpg,1
bkl01159.jpg,1
bkl01160.jpg,1
bkl01161.jpg,1
bkl01162.jpg,1
bkl01163.jpg,1
bkl01164.jpg,1
bkl01165.jpg,1
bkl01166.jpg,1
bkl01167.jpg,1
bkl01168.jpg,1
bkl01169.jpg,1
bkl01170.jpg,1
bkl01171.jpg,1
bkl01172.jpg,1
bkl01173.jpg,1
bkl01174.jpg,1
bkl01175.jpg,1
bkl01176.jpg,1
bkl01177.jpg,1
bkl01178.jpg,1
bkl01179.jpg,1
bkl01180.jpg,1
bkl01181.jpg,1
bkl01182.jpg,1
bkl01183.jpg,1
bkl01184.jpg,1
bkl01185.jpg,1
bkl01186.jpg,1
bkl01187.jpg,1
bkl01188.jpg,1
bkl01189.jpg,1
bkl01190.jpg,1
bkl01191.jpg,1
bkl01192.jpg,1
bkl01193.jpg,1
bkl01194.jpg,1
bkl01195.jpg,1
bkl01196.jpg,1
bkl01197.jpg,1
bkl01198.jpg,1
bkl01199.jpg,1
bkl01200.jpg,1
bkl01201.jpg,1
bkl01202.jpg,1
bkl01203.jpg,1
bkl01204.jpg,1
bkl01205.jpg,1
bkl01206.jpg,1
bkl01207.jpg,1
bkl01208.jpg,1
bkl01209.jpg,1
bkl01210.jpg,1
bkl01211.jpg,1
bkl01212.jpg,1
bkl01213.jpg,1
bkl01214.jpg,1
bkl01215.jpg,1
bkl01216.jpg,1
bkl01217.jpg,1
bkl01218.jpg,1
bkl01219.jpg,1
bkl01220.jpg,1
bkl01221.jpg,1
bkl01222.jpg,1
bkl01223.jpg,1
bkl01224.jpg,1
bkl01225.jpg,1
bkl01226.jpg,1
bkl01227.jpg,1
bkl01228.jpg,1
bkl01229.jpg,1
bkl01230.jpg,1
bkl01231.jpg,1
bkl01232.jpg,1
bkl01233.jpg,1
bkl01234.jpg,1
bkl01235.jpg,1
bkl01236.jpg,1
bkl01237.jpg,1
bkl01238.jpg,1
bkl01239.jpg,1
bkl01240.jpg,1
bkl01241.jpg,1
bkl01242.jpg,1
bkl01243.jpg,1
bkl01244.jpg,1
bkl01245.jpg,1
bkl01246.jpg,1
bkl01247.jpg,1
bkl01248.jpg,1
bkl01249.jpg,1
bkl01250.jpg,1
bkl01251.jpg,1
bkl01252.jpg,1
bkl01253.jpg,1
bkl01254.jpg,1
bkl01255.jpg,1
bkl01256.jpg,1
bkl01257.jpg,1
bkl01258.jpg,1
bkl01259.jpg,1
bkl01260.jpg,1
bkl01261.jpg,1
bkl01262.jpg,1
bkl01263.jpg,1
bkl01264.jpg,1
bkl01265.jpg,1
bkl01266.jpg,1
bkl01267.jpg,1
bkl01268.jpg,1
bkl01269.jpg,1
bkl01270.jpg,1
bkl01271.jpg,1
bkl01272.jpg,1
bkl01273.jpg,1
bkl01274.jpg,1
bkl01275.jpg,1
bkl01276.jpg,1
bkl01277.jpg,1
bkl01278.jpg,1
bkl01279.jpg,1
bkl01280.jpg,1
bkl01281.jpg,1
bkl01282.jpg,1
bkl01283.jpg,1
bkl01284.jpg,1
bkl01285.jpg,1
bkl01286.jpg,1
bkl01287.jpg,1
bkl01288.jpg,1
bkl01289.jpg,1
bkl01290.jpg,1
bkl01291.jpg,1
bkl01292.jpg,1
bkl01293.jpg,1
bkl01294.jpg,1
bkl01295.jpg,1
bkl01296.jpg,1
bkl01297.jpg,1
bkl01298.jpg,1
bkl01299.jpg,1
bkl01300.jpg,1
bkl01301.jpg,1
bkl01302.jpg,1
bkl01303.jpg,1
bkl01304.jpg,1
bkl01305.jpg,1
bkl01306.jpg,1
bkl01307.jpg,1
bkl01308.jpg,1
bkl01309.jpg,1
bkl01310.jpg,1
bkl01311.jpg,1
bkl01312.jpg,1
bkl01313.jpg,1
bkl01314.jpg,1
bkl01315.jpg,1
bkl01316.jpg,1
bkl01317.jpg,1
bkl01318.jpg,1
bkl01319.jpg,1
bkl01320.jpg,1
bkl01321.jpg,1
bkl01322.jpg,1
bkl01323.jpg,1
bkl01324.jpg,1
bkl01325.jpg,1
bkl01326.jpg,1
bkl01327.jpg,1
bkl01328.jpg,1
bkl01329.jpg,1
bkl01330.jpg,1
bkl01331.jpg,1
bkl01332.jpg,1
bkl01333.jpg,1
bkl01334.jpg,1
bkl01335.jpg,1
bkl01336.jpg,1
bkl01337.jpg,1
bkl01338.jpg,1
bkl01339.jpg,1
bkl01340.jpg,1
bkl01341.jpg,1
bkl01342.jpg,1
bkl01343.jpg,1
bkl01344.jpg,1
bkl01345.jpg,1
bkl01346.jpg,1
bkl01347.jpg,1
bkl01348.jpg,1
bkl01349.jpg,1
bkl01350.jpg,1
bkl01351.jpg,1
bkl01352.jpg,1
bkl01353.jpg,1
bkl01354.jpg,1
bkl01355.jpg,1
bkl01356.jpg,1
bkl01357.jpg,1
bkl01358.jpg,1
bkl01359.jpg,1
bkl01360.jpg,1
bkl01361.jpg,1
bkl01362.jpg,1
bkl01363.jpg,1
bkl01364.jpg,1
bkl01365.jpg,1
bkl01366.jpg,1
bkl01367.jpg,1
bkl01368.jpg,1
bkl01369.jpg,1
bkl01370.jpg,1
bkl01371.jpg,1
bkl01372.jpg,1
bkl01373.jpg,1
bkl01374.jpg,1
bkl01375.jpg,1
bkl01376.jpg,1
bkl01377.jpg,1
bkl01378.jpg,1
bkl01379.jpg,1
bkl01380.jpg,1
bkl01381.jpg,1
bkl01382.jpg,1
bkl01383.jpg,1
bkl01384.jpg,1
bkl01385.jpg,1
bkl01386.jpg,1
bkl01387.jpg,1
bkl01388.jpg,1
bkl01389.jpg,1
bkl01390.jpg,1
bkl01391.jpg,1
bkl01392.jpg,1
bkl01393.jpg,1
bkl01394.jpg,1
bkl01395.jpg,1
bkl01396.jpg,1
bkl01397.jpg,1
bkl01398.jpg,1
bkl01399.jpg,1
bkl01400.jpg,1
bkl01401.jpg,1
bkl01402.jpg,1
bkl01403.jpg,1
bkl01404.jpg,1
bkl01405.jpg,1
bkl01406.jpg,1
bkl01407.jpg,1
bkl01408.jpg,1
bkl01409.jpg,1
bkl01410.jpg,1
bkl01411.jpg,1
bkl01412.jpg,1
bkl01413.jpg,1
bkl01414.jpg,1
bkl01415.jpg,1
bkl01416.jpg,1
bkl01417.jpg,1
bkl01418.jpg,1
bkl01419.jpg,1
bkl01420.jpg,1
bkl01421.jpg,1
bkl01422.jpg,1
bkl01423.jpg,1
bkl01424.jpg,1
bkl01425.jpg,1
bkl01426.jpg,1
bkl01427.jpg,1
bkl01428.jpg,1
bkl01429.jpg,1
bkl01430.jpg,1
bkl01431.jpg,1
bkl01432.jpg,1
bkl01433.jpg,1
bkl01434.jpg,1
bkl01435.jpg,1
bkl01436.jpg,1
bkl01437.jpg,1
bkl01438.jpg,1
bkl01439.jpg,1
bkl01440.jpg,1
bkl01441.jpg,1
bkl01442.jpg,1
bkl01443.jpg,1
bkl01444.jpg,1
bkl01445.jpg,1
bkl01446.jpg,1
bkl01447.jpg,1
bkl01448.jpg,1
bkl01449.jpg,1
bkl01450.jpg,1
bkl01451.jpg,1
bkl01452.jpg,1
bkl01453.jpg,1
bkl01454.jpg,1
bkl01455.jpg,1
bkl01456.jpg,1
bkl01457.jpg,1
bkl01458.jpg,1
bkl01459.jpg,1
bkl01460.jpg,1
bkl01461.jpg,1
bkl01462.jpg,1
bkl01463.jpg,1
bkl01464.jpg,1
bkl01465.jpg,1
bkl01466.jpg,1
bkl01467.jpg,1
bkl01468.jpg,1
bkl01469.jpg,1
bkl01470.jpg,1
bkl01471.jpg,1
bkl01472.jpg,1
bkl01473.jpg,1
bkl01474.jpg,1
bkl01475.jpg,1
bkl01476.jpg,1
bkl01477.jpg,1
bkl01478.jpg,1
bkl01479.jpg,1
bkl01480.jpg,1
bkl01481.jpg,1
bkl01482.jpg,1
bkl01483.jpg,1
bkl01484.jpg,1
bkl01485.jpg,1
bkl01486.jpg,1
bkl01487.jpg,1
bkl01488.jpg,1
bkl01489.jpg,1
bkl01490.jpg,1
bkl01491.jpg,1
bkl01492.jpg,1
bkl01493.jpg,1
bkl01494.jpg,1
bkl01495.jpg,1
bkl01496.jpg,1
bkl01497.jpg,1
bkl01498.jpg,1
bkl01499.jpg,1
bkl01500.jpg,1
bkl01501.jpg,1
bkl01502.jpg,1
bkl01503.jpg,1
bkl01504.jpg,1
bkl01505.jpg,1
bkl01506.jpg,1
bkl01507.jpg,1
bkl01508.jpg,1
bkl01509.jpg,1
bkl01510.jpg,1
bkl01511.jpg,1
bkl01512.jpg,1
bkl01513.jpg,1
bkl01514.jpg,1
bkl01515.jpg,1
bkl01516.jpg,1
bkl01517.jpg,1
bkl01518.jpg,1
bkl01519.jpg,1
bkl01520.jpg,1
bkl01521.jpg,1
bkl01522.jpg,1
bkl01523.jpg,1
bkl01524.jpg,1
bkl01525.jpg,1
bkl01526.jpg,1
bkl01527.jpg,1
bkl01528.jpg,1
bkl01529.jpg,1
bkl01530.jpg,1
bkl01531.jpg,1
bkl01532.jpg,1
bkl01533.jpg,1
bkl01534.jpg,1
bkl01535.jpg,1
bkl01536.jpg,1
bkl01537.jpg,1
bkl01538.jpg,1
bkl01539.jpg,1
bkl01540.jpg,1
bkl01541.jpg,1
bkl01542.jpg,1
bkl01543.jpg,1
bkl01544.jpg,1
bkl01545.jpg,1
bkl01546.jpg,1
bkl01547.jpg,1
bkl01548.jpg,1
bkl01549.jpg,1
bkl01550.jpg,1
bkl01551.jpg,1
bkl01552.jpg,1
bkl01553.jpg,1
bkl01554.jpg,1
bkl01555.jpg,1
bkl01556.jpg,1
bkl01557.jpg,1
bkl01558.jpg,1
bkl01559.jpg,1
bkl01560.jpg,1
bkl01561.jpg,1
bkl01562.jpg,1
bkl01563.jpg,1
bkl01564.jpg,1
bkl01565.jpg,1
bkl01566.jpg,1
bkl01567.jpg,1
bkl01568.jpg,1
bkl01569.jpg,1
bkl01570.jpg,1
bkl01571.jpg,1
bkl01572.jpg,1
bkl01573.jpg,1
bkl01574.jpg,1
def00001.jpg,1
def00002.jpg,1
def00003.jpg,1
def00004.jpg,1
def00005.jpg,1
def00006.jpg,1
def00007.jpg,1
def00008.jpg,1
def00009.jpg,1
def00010.jpg,1
def00011.jpg,1
def00012.jpg,1
def00013.jpg,1
def00014.jpg,1
def00015.jpg,1
def00016.jpg,1
def00017.jpg,1
def00018.jpg,1
def00019.jpg,1
def00020.jpg,1
def00021.jpg,1
def00022.jpg,1
def00023.jpg,1
def00024.jpg,1
def00025.jpg,1
def00026.jpg,1
def00027.jpg,1
def00028.jpg,1
def00029.jpg,1
def00030.jpg,1
def00031.jpg,1
def00032.jpg,1
def00033.jpg,1
def00034.jpg,1
def00035.jpg,1
def00036.jpg,1
def00037.jpg,1
def00038.jpg,1
def00039.jpg,1
def00040.jpg,1
def00041.jpg,1
def00042.jpg,1
def00043.jpg,1
def00044.jpg,1
def00045.jpg,1
def00046.jpg,1
def00047.jpg,1
def00048.jpg,1
def00049.jpg,1
def00050.jpg,1
def00051.jpg,1
def00052.jpg,1
def00053.jpg,1
def00054.jpg,1
def00055.jpg,1
def00056.jpg,1
def00057.jpg,1
def00058.jpg,1
def00059.jpg,1
def00060.jpg,1
def00061.jpg,1
def00062.jpg,1
def00063.jpg,1
def00064.jpg,1
def00065.jpg,1
def00066.jpg,1
def00067.jpg,1
def00068.jpg,1
def00069.jpg,1
def00070.jpg,1
def00071.jpg,1
def00072.jpg,1
def00073.jpg,1
def00074.jpg,1
def00075.jpg,1
def00076.jpg,1
def00077.jpg,1
def00078.jpg,1
def00079.jpg,1
def00080.jpg,1
def00081.jpg,1
def00082.jpg,1
def00083.jpg,1
def00084.jpg,1
def00085.jpg,1
def00086.jpg,1
def00087.jpg,1
def00088.jpg,1
def00089.jpg,1
def00090.jpg,1
def00091.jpg,1
def00092.jpg,1
def00093.jpg,1
def00094.jpg,1
def00095.jpg,1
def00096.jpg,1
def00097.jpg,1
def00098.jpg,1
def00099.jpg,1
def00100.jpg,1
def00101.jpg,1
def00102.jpg,1
def00103.jpg,1
def00104.jpg,1
def00105.jpg,1
def00106.jpg,1
def00107.jpg,1
def00108.jpg,1
def00109.jpg,1
def00110.jpg,1
def00111.jpg,1
def00112.jpg,1
def00113.jpg,1
def00114.jpg,1
def00115.jpg,1
def00116.jpg,1
def00117.jpg,1
def00118.jpg,1
def00119.jpg,1
def00120.jpg,1
def00121.jpg,1
def00122.jpg,1
def00123.jpg,1
def00124.jpg,1
def00125.jpg,1
def00126.jpg,1
def00127.jpg,1
def00128.jpg,1
def00129.jpg,1
def00130.jpg,1
def00131.jpg,1
def00132.jpg,1
def00133.jpg,1
def00134.jpg,1
def00135.jpg,1
def00136.jpg,1
def00137.jpg,1
def00138.jpg,1
def00139.jpg,1
def00140.jpg,1
def00141.jpg,1
def00142.jpg,1
def00143.jpg,1
mel00001.jpg,1
mel00002.jpg,1
mel00003.jpg,1
mel00004.jpg,1
mel00005.jpg,1
mel00006.jpg,1
mel00007.jpg,1
mel00008.jpg,1
mel00009.jpg,1
mel00010.jpg,1
mel00011.jpg,1
mel00012.jpg,1
mel00013.jpg,1
mel00014.jpg,1
mel00015.jpg,1
mel00016.jpg,1
mel00017.jpg,1
mel00018.jpg,1
mel00019.jpg,1
mel00020.jpg,1
mel00021.jpg,1
mel00022.jpg,1
mel00023.jpg,1
mel00024.jpg,1
mel00025.jpg,1
mel00026.jpg,1
mel00027.jpg,1
mel00028.jpg,1
mel00029.jpg,1
mel00030.jpg,1
mel00031.jpg,1
mel00032.jpg,1
mel00033.jpg,1
mel00034.jpg,1
mel00035.jpg,1
mel00036.jpg,1
mel00037.jpg,1
mel00038.jpg,1
mel00039.jpg,1
mel00040.jpg,1
mel00041.jpg,1
mel00042.jpg,1
mel00043.jpg,1
mel00044.jpg,1
mel00045.jpg,1
mel00046.jpg,1
mel00047.jpg,1
mel00048.jpg,1
mel00049.jpg,1
mel00050.jpg,1
mel00051.jpg,1
mel00052.jpg,1
mel00053.jpg,1
mel00054.jpg,1
mel00055.jpg,1
mel00056.jpg,1
mel00057.jpg,1
mel00058.jpg,1
mel00059.jpg,1
mel00060.jpg,1
mel00061.jpg,1
mel00062.jpg,1
mel00063.jpg,1
mel00064.jpg,1
mel00065.jpg,1
mel00066.jpg,1
mel00067.jpg,1
mel00068.jpg,1
mel00069.jpg,1
mel00070.jpg,1
mel00071.jpg,1
mel00072.jpg,1
mel00073.jpg,1
mel00074.jpg,1
mel00075.jpg,1
mel00076.jpg,1
mel00077.jpg,1
mel00078.jpg,1
mel00079.jpg,1
mel00080.jpg,1
mel00081.jpg,1
mel00082.jpg,1
mel00083.jpg,1
mel00084.jpg,1
mel00085.jpg,1
mel00086.jpg,1
mel00087.jpg,1
mel00088.jpg,1
mel00089.jpg,1
mel00090.jpg,1
mel00091.jpg,1
mel00092.jpg,1
mel00093.jpg,1
mel00094.jpg,1
mel00095.jpg,1
mel00096.jpg,1
mel00097.jpg,1
mel00098.jpg,1
mel00099.jpg,1
mel00100.jpg,1
mel00101.jpg,1
mel00102.jpg,1
mel00103.jpg,1
mel00104.jpg,1
mel00105.jpg,1
mel00106.jpg,1
mel00107.jpg,1
mel00108.jpg,1
mel00109.jpg,1
mel00110.jpg,1
mel00111.jpg,1
mel00112.jpg,1
mel00113.jpg,1
mel00114.jpg,1
mel00115.jpg,1
mel00116.jpg,1
mel00117.jpg,1
mel00118.jpg,1
mel00119.jpg,1
mel00120.jpg,1
mel00121.jpg,1
mel00122.jpg,1
mel00123.jpg,1
mel00124.jpg,1
mel00125.jpg,1
mel00126.jpg,1
mel00127.jpg,1
mel00128.jpg,1
mel00129.jpg,1
mel00130.jpg,1
mel00131.jpg,1
mel00132.jpg,1
mel00133.jpg,1
mel00134.jpg,1
mel00135.jpg,1
mel00136.jpg,1
mel00137.jpg,1
mel00138.jpg,1
mel00139.jpg,1
mel00140.jpg,1
mel00141.jpg,1
mel00142.jpg,1
mel00143.jpg,1
mel00144.jpg,1
mel00145.jpg,1
mel00146.jpg,1
mel00147.jpg,1
mel00148.jpg,1
mel00149.jpg,1
mel00150.jpg,1
mel00151.jpg,1
mel00152.jpg,1
mel00153.jpg,1
mel00154.jpg,1
mel00155.jpg,1
mel00156.jpg,1
mel00157.jpg,1
mel00158.jpg,1
mel00159.jpg,1
mel00160.jpg,1
mel00161.jpg,1
mel00162.jpg,1
mel00163.jpg,1
mel00164.jpg,1
mel00165.jpg,1
mel00166.jpg,1
mel00167.jpg,1
mel00168.jpg,1
mel00169.jpg,1
mel00170.jpg,1
mel00171.jpg,1
mel00172.jpg,1
mel00173.jpg,1
mel00174.jpg,1
mel00175.jpg,1
mel00176.jpg,1
mel00177.jpg,1
mel00178.jpg,1
mel00179.jpg,1
mel00180.jpg,1
mel00181.jpg,1
mel00182.jpg,1
mel00183.jpg,1
mel00184.jpg,1
mel00185.jpg,1
mel00186.jpg,1
mel00187.jpg,1
mel00188.jpg,1
mel00189.jpg,1
mel00190.jpg,1
mel00191.jpg,1
mel00192.jpg,1
mel00193.jpg,1
mel00194.jpg,1
mel00195.jpg,1
mel00196.jpg,1
mel00197.jpg,1
mel00198.jpg,1
mel00199.jpg,1
mel00200.jpg,1
mel00201.jpg,1
mel00202.jpg,1
mel00203.jpg,1
mel00204.jpg,1
mel00205.jpg,1
mel00206.jpg,1
mel00207.jpg,1
mel00208.jpg,1
mel00209.jpg,1
mel00210.jpg,1
mel00211.jpg,1
mel00212.jpg,1
mel00213.jpg,1
mel00214.jpg,1
mel00215.jpg,1
mel00216.jpg,1
mel00217.jpg,1
mel00218.jpg,1
mel00219.jpg,1
mel00220.jpg,1
mel00221.jpg,1
mel00222.jpg,1
mel00223.jpg,1
mel00224.jpg,1
mel00225.jpg,1
mel00226.jpg,1
mel00227.jpg,1
mel00228.jpg,1
mel00229.jpg,1
mel00230.jpg,1
mel00231.jpg,1
mel00232.jpg,1
mel00233.jpg,1
mel00234.jpg,1
mel00235.jpg,1
mel00236.jpg,1
mel00237.jpg,1
mel00238.jpg,1
mel00239.jpg,1
mel00240.jpg,1
mel00241.jpg,1
mel00242.jpg,1
mel00243.jpg,1
mel00244.jpg,1
mel00245.jpg,1
mel00246.jpg,1
mel00247.jpg,1
mel00248.jpg,1
mel00249.jpg,1
mel00250.jpg,1
mel00251.jpg,1
mel00252.jpg,1
mel00253.jpg,1
mel00254.jpg,1
mel00255.jpg,1
mel00256.jpg,1
mel00257.jpg,1
mel00258.jpg,1
mel00259.jpg,1
mel00260.jpg,1
mel00261.jpg,1
mel00262.jpg,1
mel00263.jpg,1
mel00264.jpg,1
mel00265.jpg,1
mel00266.jpg,1
mel00267.jpg,1
mel00268.jpg,1
mel00269.jpg,1
mel00270.jpg,1
mel00271.jpg,1
mel00272.jpg,1
mel00273.jpg,1
mel00274.jpg,1
mel00275.jpg,1
mel00276.jpg,1
mel00277.jpg,1
mel00278.jpg,1
mel00279.jpg,1
mel00280.jpg,1
mel00281.jpg,1
mel00282.jpg,1
mel00283.jpg,1
mel00284.jpg,1
mel00285.jpg,1
mel00286.jpg,1
mel00287.jpg,1
mel00288.jpg,1
mel00289.jpg,1
mel00290.jpg,1
mel00291.jpg,1
mel00292.jpg,1
mel00293.jpg,1
mel00294.jpg,1
mel00295.jpg,1
mel00296.jpg,1
mel00297.jpg,1
mel00298.jpg,1
mel00299.jpg,1
mel00300.jpg,1
mel00301.jpg,1
mel00302.jpg,1
mel00303.jpg,1
mel00304.jpg,1
mel00305.jpg,1
mel00306.jpg,1
mel00307.jpg,1
mel00308.jpg,1
mel00309.jpg,1
mel00310.jpg,1
mel00311.jpg,1
mel00312.jpg,1
mel00313.jpg,1
mel00314.jpg,1
mel00315.jpg,1
mel00316.jpg,1
mel00317.jpg,1
mel00318.jpg,1
mel00319.jpg,1
mel00320.jpg,1
mel00321.jpg,1
mel00322.jpg,1
mel00323.jpg,1
mel00324.jpg,1
mel00325.jpg,1
mel00326.jpg,1
mel00327.jpg,1
mel00328.jpg,1
mel00329.jpg,1
mel00330.jpg,1
mel00331.jpg,1
mel00332.jpg,1
mel00333.jpg,1
mel00334.jpg,1
mel00335.jpg,1
mel00336.jpg,1
mel00337.jpg,1
mel00338.jpg,1
mel00339.jpg,1
mel00340.jpg,1
mel00341.jpg,1
mel00342.jpg,1
mel00343.jpg,1
mel00344.jpg,1
mel00345.jpg,1
mel00346.jpg,1
mel00347.jpg,1
mel00348.jpg,1
mel00349.jpg,1
mel00350.jpg,1
mel00351.jpg,1
mel00352.jpg,1
mel00353.jpg,1
mel00354.jpg,1
mel00355.jpg,1
mel00356.jpg,1
mel00357.jpg,1
mel00358.jpg,1
mel00359.jpg,1
mel00360.jpg,1
mel00361.jpg,1
mel00362.jpg,1
mel00363.jpg,1
mel00364.jpg,1
mel00365.jpg,1
mel00366.jpg,1
mel00367.jpg,1
mel00368.jpg,1
mel00369.jpg,1
mel00370.jpg,1
mel00371.jpg,1
mel00372.jpg,1
mel00373.jpg,1
mel00374.jpg,1
mel00375.jpg,1
mel00376.jpg,1
mel00377.jpg,1
mel00378.jpg,1
mel00379.jpg,1
mel00380.jpg,1
mel00381.jpg,1
mel00382.jpg,1
mel00383.jpg,1
mel00384.jpg,1
mel00385.jpg,1
mel00386.jpg,1
mel00387.jpg,1
mel00388.jpg,1
mel00389.jpg,1
mel00390.jpg,1
mel00391.jpg,1
mel00392.jpg,1
mel00393.jpg,1
mel00394.jpg,1
mel00395.jpg,1
mel00396.jpg,1
mel00397.jpg,1
mel00398.jpg,1
mel00399.jpg,1
mel00400.jpg,1
mel00401.jpg,1
mel00402.jpg,1
mel00403.jpg,1
mel00404.jpg,1
mel00405.jpg,1
mel00406.jpg,1
mel00407.jpg,1
mel00408.jpg,1
mel00409.jpg,1
mel00410.jpg,1
mel00411.jpg,1
mel00412.jpg,1
mel00413.jpg,1
mel00414.jpg,1
mel00415.jpg,1
mel00416.jpg,1
mel00417.jpg,1
mel00418.jpg,1
mel00419.jpg,1
mel00420.jpg,1
mel00421.jpg,1
mel00422.jpg,1
mel00423.jpg,1
mel00424.jpg,1
mel00425.jpg,1
mel00426.jpg,1
mel00427.jpg,1
mel00428.jpg,1
mel00429.jpg,1
mel00430.jpg,1
mel00431.jpg,1
mel00432.jpg,1
mel00433.jpg,1
mel00434.jpg,1
mel00435.jpg,1
mel00436.jpg,1
mel00437.jpg,1
mel00438.jpg,1
mel00439.jpg,1
mel00440.jpg,1
mel00441.jpg,1
mel00442.jpg,1
mel00443.jpg,1
mel00444.jpg,1
mel00445.jpg,1
mel00446.jpg,1
mel00447.jpg,1
mel00448.jpg,1
mel00449.jpg,1
mel00450.jpg,1
mel00451.jpg,1
mel00452.jpg,1
mel00453.jpg,1
mel00454.jpg,1
mel00455.jpg,1
mel00456.jpg,1
mel00457.jpg,1
mel00458.jpg,1
mel00459.jpg,1
mel00460.jpg,1
mel00461.jpg,1
mel00462.jpg,1
mel00463.jpg,1
mel00464.jpg,1
mel00465.jpg,1
mel00466.jpg,1
mel00467.jpg,1
mel00468.jpg,1
mel00469.jpg,1
mel00470.jpg,1
mel00471.jpg,1
mel00472.jpg,1
mel00473.jpg,1
mel00474.jpg,1
mel00475.jpg,1
mel00476.jpg,1
mel00477.jpg,1
mel00478.jpg,1
mel00479.jpg,1
mel00480.jpg,1
mel00481.jpg,1
mel00482.jpg,1
mel00483.jpg,1
mel00484.jpg,1
mel00485.jpg,1
mel00486.jpg,1
mel00487.jpg,1
mel00488.jpg,1
mel00489.jpg,1
mel00490.jpg,1
mel00491.jpg,1
mel00492.jpg,1
mel00493.jpg,1
mel00494.jpg,1
mel00495.jpg,1
mel00496.jpg,1
mel00497.jpg,1
mel00498.jpg,1
mel00499.jpg,1
mel00500.jpg,1
mel00501.jpg,1
mel00502.jpg,1
mel00503.jpg,1
mel00504.jpg,1
mel00505.jpg,1
mel00506.jpg,1
mel00507.jpg,1
mel00508.jpg,1
mel00509.jpg,1
mel00510.jpg,1
mel00511.jpg,1
mel00512.jpg,1
mel00513.jpg,1
mel00514.jpg,1
mel00515.jpg,1
mel00516.jpg,1
mel00517.jpg,1
mel00518.jpg,1
mel00519.jpg,1
mel00520.jpg,1
mel00521.jpg,1
mel00522.jpg,1
mel00523.jpg,1
mel00524.jpg,1
mel00525.jpg,1
mel00526.jpg,1
mel00527.jpg,1
mel00528.jpg,1
mel00529.jpg,1
mel00530.jpg,1
mel00531.jpg,1
mel00532.jpg,1
mel00533.jpg,1
mel00534.jpg,1
mel00535.jpg,1
mel00536.jpg,1
mel00537.jpg,1
mel00538.jpg,1
mel00539.jpg,1
mel00540.jpg,1
mel00541.jpg,1
mel00542.jpg,1
mel00543.jpg,1
mel00544.jpg,1
mel00545.jpg,1
mel00546.jpg,1
mel00547.jpg,1
mel00548.jpg,1
mel00549.jpg,1
mel00550.jpg,1
mel00551.jpg,1
mel00552.jpg,1
mel00553.jpg,1
mel00554.jpg,1
mel00555.jpg,1
mel00556.jpg,1
mel00557.jpg,1
mel00558.jpg,1
mel00559.jpg,1
mel00560.jpg,1
mel00561.jpg,1
mel00562.jpg,1
mel00563.jpg,1
mel00564.jpg,1
mel00565.jpg,1
mel00566.jpg,1
mel00567.jpg,1
mel00568.jpg,1
mel00569.jpg,1
mel00570.jpg,1
mel00571.jpg,1
mel00572.jpg,1
mel00573.jpg,1
mel00574.jpg,1
mel00575.jpg,1
mel00576.jpg,1
mel00577.jpg,1
mel00578.jpg,1
mel00579.jpg,1
mel00580.jpg,1
mel00581.jpg,1
mel00582.jpg,1
mel00583.jpg,1
mel00584.jpg,1
mel00585.jpg,1
mel00586.jpg,1
mel00587.jpg,1
mel00588.jpg,1
mel00589.jpg,1
mel00590.jpg,1
mel00591.jpg,1
mel00592.jpg,1
mel00593.jpg,1
mel00594.jpg,1
mel00595.jpg,1
mel00596.jpg,1
mel00597.jpg,1
mel00598.jpg,1
mel00599.jpg,1
mel00600.jpg,1
mel00601.jpg,1
mel00602.jpg,1
mel00603.jpg,1
mel00604.jpg,1
mel00605.jpg,1
mel00606.jpg,1
mel00607.jpg,1
mel00608.jpg,1
mel00609.jpg,1
mel00610.jpg,1
mel00611.jpg,1
mel00612.jpg,1
mel00613.jpg,1
mel00614.jpg,1
mel00615.jpg,1
mel00616.jpg,1
mel00617.jpg,1
mel00618.jpg,1
mel00619.jpg,1
mel00620.jpg,1
mel00621.jpg,1
mel00622.jpg,1
mel00623.jpg,1
mel00624.jpg,1
mel00625.jpg,1
mel00626.jpg,1
mel00627.jpg,1
mel00628.jpg,1
mel00629.jpg,1
mel00630.jpg,1
mel00631.jpg,1
mel00632.jpg,1
mel00633.jpg,1
mel00634.jpg,1
mel00635.jpg,1
mel00636.jpg,1
mel00637.jpg,1
mel00638.jpg,1
mel00639.jpg,1
mel00640.jpg,1
mel00641.jpg,1
mel00642.jpg,1
mel00643.jpg,1
mel00644.jpg,1
mel00645.jpg,1
mel00646.jpg,1
mel00647.jpg,1
mel00648.jpg,1
mel00649.jpg,1
mel00650.jpg,1
mel00651.jpg,1
mel00652.jpg,1
mel00653.jpg,1
mel00654.jpg,1
mel00655.jpg,1
mel00656.jpg,1
mel00657.jpg,1
mel00658.jpg,1
mel00659.jpg,1
mel00660.jpg,1
mel00661.jpg,1
mel00662.jpg,1
mel00663.jpg,1
mel00664.jpg,1
mel00665.jpg,1
mel00666.jpg,1
mel00667.jpg,1
mel00668.jpg,1
mel00669.jpg,1
mel00670.jpg,1
mel00671.jpg,1
mel00672.jpg,1
mel00673.jpg,1
mel00674.jpg,1
mel00675.jpg,1
mel00676.jpg,1
mel00677.jpg,1
mel00678.jpg,1
mel00679.jpg,1
mel00680.jpg,1
mel00681.jpg,1
mel00682.jpg,1
mel00683.jpg,1
mel00684.jpg,1
mel00685.jpg,1
mel00686.jpg,1
mel00687.jpg,1
mel00688.jpg,1
mel00689.jpg,1
mel00690.jpg,1
mel00691.jpg,1
mel00692.jpg,1
mel00693.jpg,1
mel00694.jpg,1
mel00695.jpg,1
mel00696.jpg,1
mel00697.jpg,1
mel00698.jpg,1
mel00699.jpg,1
mel00700.jpg,1
mel00701.jpg,1
mel00702.jpg,1
mel00703.jpg,1
mel00704.jpg,1
mel00705.jpg,1
mel00706.jpg,1
mel00707.jpg,1
mel00708.jpg,1
mel00709.jpg,1
mel00710.jpg,1
mel00711.jpg,1
mel00712.jpg,1
mel00713.jpg,1
mel00714.jpg,1
mel00715.jpg,1
mel00716.jpg,1
mel00717.jpg,1
mel00718.jpg,1
mel00719.jpg,1
mel00720.jpg,1
mel00721.jpg,1
mel00722.jpg,1
mel00723.jpg,1
mel00724.jpg,1
mel00725.jpg,1
mel00726.jpg,1
mel00727.jpg,1
mel00728.jpg,1
mel00729.jpg,1
mel00730.jpg,1
mel00731.jpg,1
mel00732.jpg,1
mel00733.jpg,1
mel00734.jpg,1
mel00735.jpg,1
mel00736.jpg,1
mel00737.jpg,1
mel00738.jpg,1
mel00739.jpg,1
mel00740.jpg,1
mel00741.jpg,1
mel00742.jpg,1
mel00743.jpg,1
mel00744.jpg,1
mel00745.jpg,1
mel00746.jpg,1
mel00747.jpg,1
mel00748.jpg,1
mel00749.jpg,1
mel00750.jpg,1
mel00751.jpg,1
mel00752.jpg,1
mel00753.jpg,1
mel00754.jpg,1
mel00755.jpg,1
mel00756.jpg,1
mel00757.jpg,1
mel00758.jpg,1
mel00759.jpg,1
mel00760.jpg,1
mel00761.jpg,1
mel00762.jpg,1
mel00763.jpg,1
mel00764.jpg,1
mel00765.jpg,1
mel00766.jpg,1
mel00767.jpg,1
mel00768.jpg,1
mel00769.jpg,1
mel00770.jpg,1
mel00771.jpg,1
mel00772.jpg,1
mel00773.jpg,1
mel00774.jpg,1
mel00775.jpg,1
mel00776.jpg,1
mel00777.jpg,1
mel00778.jpg,1
mel00779.jpg,1
mel00780.jpg,1
mel00781.jpg,1
mel00782.jpg,1
mel00783.jpg,1
mel00784.jpg,1
mel00785.jpg,1
mel00786.jpg,1
mel00787.jpg,1
mel00788.jpg,1
mel00789.jpg,1
mel00790.jpg,1
mel00791.jpg,1
mel00792.jpg,1
mel00793.jpg,1
mel00794.jpg,1
mel00795.jpg,1
mel00796.jpg,1
mel00797.jpg,1
mel00798.jpg,1
mel00799.jpg,1
mel00800.jpg,1
mel00801.jpg,1
mel00802.jpg,1
mel00803.jpg,1
mel00804.jpg,1
mel00805.jpg,1
mel00806.jpg,1
mel00807.jpg,1
mel00808.jpg,1
mel00809.jpg,1
mel00810.jpg,1
mel00811.jpg,1
mel00812.jpg,1
mel00813.jpg,1
mel00814.jpg,1
mel00815.jpg,1
mel00816.jpg,1
mel00817.jpg,1
mel00818.jpg,1
mel00819.jpg,1
mel00820.jpg,1
mel00821.jpg,1
mel00822.jpg,1
mel00823.jpg,1
mel00824.jpg,1
mel00825.jpg,1
mel00826.jpg,1
mel00827.jpg,1
mel00828.jpg,1
mel00829.jpg,1
mel00830.jpg,1
mel00831.jpg,1
mel00832.jpg,1
mel00833.jpg,1
mel00834.jpg,1
mel00835.jpg,1
mel00836.jpg,1
mel00837.jpg,1
mel00838.jpg,1
mel00839.jpg,1
mel00840.jpg,1
mel00841.jpg,1
mel00842.jpg,1
mel00843.jpg,1
mel00844.jpg,1
mel00845.jpg,1
mel00846.jpg,1
mel00847.jpg,1
mel00848.jpg,1
mel00849.jpg,1
mel00850.jpg,1
mel00851.jpg,1
mel00852.jpg,1
mel00853.jpg,1
mel00854.jpg,1
mel00855.jpg,1
mel00856.jpg,1
mel00857.jpg,1
mel00858.jpg,1
mel00859.jpg,1
mel00860.jpg,1
mel00861.jpg,1
mel00862.jpg,1
mel00863.jpg,1
mel00864.jpg,1
mel00865.jpg,1
mel00866.jpg,1
mel00867.jpg,1
mel00868.jpg,1
mel00869.jpg,1
mel00870.jpg,1
mel00871.jpg,1
mel00872.jpg,1
mel00873.jpg,1
mel00874.jpg,1
mel00875.jpg,1
mel00876.jpg,1
mel00877.jpg,1
mel00878.jpg,1
mel00879.jpg,1
mel00880.jpg,1
mel00881.jpg,1
mel00882.jpg,1
mel00883.jpg,1
mel00884.jpg,1
mel00885.jpg,1
mel00886.jpg,1
mel00887.jpg,1
mel00888.jpg,1
mel00889.jpg,1
mel00890.jpg,1
mel00891.jpg,1
mel00892.jpg,1
mel00893.jpg,1
mel00894.jpg,1
mel00895.jpg,1
mel00896.jpg,1
mel00897.jpg,1
mel00898.jpg,1
mel00899.jpg,1
mel00900.jpg,1
mel00901.jpg,1
mel00902.jpg,1
mel00903.jpg,1
mel00904.jpg,1
mel00905.jpg,1
mel00906.jpg,1
mel00907.jpg,1
mel00908.jpg,1
mel00909.jpg,1
mel00910.jpg,1
mel00911.jpg,1
mel00912.jpg,1
mel00913.jpg,1
mel00914.jpg,1
mel00915.jpg,1
mel00916.jpg,1
mel00917.jpg,1
mel00918.jpg,1
mel00919.jpg,1
mel00920.jpg,1
mel00921.jpg,1
mel00922.jpg,1
mel00923.jpg,1
mel00924.jpg,1
mel00925.jpg,1
mel00926.jpg,1
mel00927.jpg,1
mel00928.jpg,1
mel00929.jpg,1
mel00930.jpg,1
mel00931.jpg,1
mel00932.jpg,1
mel00933.jpg,1
mel00934.jpg,1
mel00935.jpg,1
mel00936.jpg,1
mel00937.jpg,1
mel00938.jpg,1
mel00939.jpg,1
mel00940.jpg,1
mel00941.jpg,1
mel00942.jpg,1
mel00943.jpg,1
mel00944.jpg,1
mel00945.jpg,1
mel00946.jpg,1
mel00947.jpg,1
mel00948.jpg,1
mel00949.jpg,1
mel00950.jpg,1
mel00951.jpg,1
mel00952.jpg,1
mel00953.jpg,1
mel00954.jpg,1
mel00955.jpg,1
mel00956.jpg,1
mel00957.jpg,1
mel00958.jpg,1
mel00959.jpg,1
mel00960.jpg,1
mel00961.jpg,1
mel00962.jpg,1
mel00963.jpg,1
mel00964.jpg,1
mel00965.jpg,1
mel00966.jpg,1
mel00967.jpg,1
mel00968.jpg,1
mel00969.jpg,1
mel00970.jpg,1
mel00971.jpg,1
mel00972.jpg,1
mel00973.jpg,1
mel00974.jpg,1
mel00975.jpg,1
mel00976.jpg,1
mel00977.jpg,1
mel00978.jpg,1
mel00979.jpg,1
mel00980.jpg,1
mel00981.jpg,1
mel00982.jpg,1
mel00983.jpg,1
mel00984.jpg,1
mel00985.jpg,1
mel00986.jpg,1
mel00987.jpg,1
mel00988.jpg,1
mel00989.jpg,1
mel00990.jpg,1
mel00991.jpg,1
mel00992.jpg,1
mel00993.jpg,1
mel00994.jpg,1
mel00995.jpg,1
mel00996.jpg,1
mel00997.jpg,1
mel00998.jpg,1
mel00999.jpg,1
mel01000.jpg,1
mel01001.jpg,1
mel01002.jpg,1
mel01003.jpg,1
mel01004.jpg,1
mel01005.jpg,1
mel01006.jpg,1
mel01007.jpg,1
mel01008.jpg,1
mel01009.jpg,1
mel01010.jpg,1
mel01011.jpg,1
mel01012.jpg,1
mel01013.jpg,1
mel01014.jpg,1
mel01015.jpg,1
mel01016.jpg,1
mel01017.jpg,1
mel01018.jpg,1
mel01019.jpg,1
mel01020.jpg,1
mel01021.jpg,1
mel01022.jpg,1
mel01023.jpg,1
mel01024.jpg,1
mel01025.jpg,1
mel01026.jpg,1
mel01027.jpg,1
mel01028.jpg,1
mel01029.jpg,1
mel01030.jpg,1
mel01031.jpg,1
mel01032.jpg,1
mel01033.jpg,1
mel01034.jpg,1
mel01035.jpg,1
mel01036.jpg,1
mel01037.jpg,1
mel01038.jpg,1
mel01039.jpg,1
mel01040.jpg,1
mel01041.jpg,1
mel01042.jpg,1
mel01043.jpg,1
mel01044.jpg,1
mel01045.jpg,1
mel01046.jpg,1
mel01047.jpg,1
mel01048.jpg,1
mel01049.jpg,1
mel01050.jpg,1
mel01051.jpg,1
mel01052.jpg,1
mel01053.jpg,1
mel01054.jpg,1
mel01055.jpg,1
mel01056.jpg,1
mel01057.jpg,1
mel01058.jpg,1
mel01059.jpg,1
mel01060.jpg,1
mel01061.jpg,1
mel01062.jpg,1
mel01063.jpg,1
mel01064.jpg,1
mel01065.jpg,1
mel01066.jpg,1
mel01067.jpg,1
mel01068.jpg,1
mel01069.jpg,1
mel01070.jpg,1
mel01071.jpg,1
mel01072.jpg,1
mel01073.jpg,1
mel01074.jpg,1
mel01075.jpg,1
mel01076.jpg,1
mel01077.jpg,1
mel01078.jpg,1
mel01079.jpg,1
mel01080.jpg,1
mel01081.jpg,1
mel01082.jpg,1
mel01083.jpg,1
mel01084.jpg,1
mel01085.jpg,1
mel01086.jpg,1
mel01087.jpg,1
mel01088.jpg,1
mel01089.jpg,1
mel01090.jpg,1
mel01091.jpg,1
mel01092.jpg,1
mel01093.jpg,1
mel01094.jpg,1
mel01095.jpg,1
mel01096.jpg,1
mel01097.jpg,1
mel01098.jpg,1
mel01099.jpg,1
mel01100.jpg,1
mel01101.jpg,1
mel01102.jpg,1
mel01103.jpg,1
mel01104.jpg,1
mel01105.jpg,1
mel01106.jpg,1
mel01107.jpg,1
mel01108.jpg,1
mel01109.jpg,1
mel01110.jpg,1
mel01111.jpg,1
mel01112.jpg,1
mel01113.jpg,1
mel01114.jpg,1
mel01115.jpg,1
mel01116.jpg,1
mel01117.jpg,1
mel01118.jpg,1
mel01119.jpg,1
mel01120.jpg,1
mel01121.jpg,1
mel01122.jpg,1
mel01123.jpg,1
mel01124.jpg,1
mel01125.jpg,1
mel01126.jpg,1
mel01127.jpg,1
mel01128.jpg,1
mel01129.jpg,1
mel01130.jpg,1
mel01131.jpg,1
mel01132.jpg,1
mel01133.jpg,1
mel01134.jpg,1
mel01135.jpg,1
mel01136.jpg,1
mel01137.jpg,1
mel01138.jpg,1
mel01139.jpg,1
mel01140.jpg,1
mel01141.jpg,1
mel01142.jpg,1
mel01143.jpg,1
mel01144.jpg,1
mel01145.jpg,1
mel01146.jpg,1
mel01147.jpg,1
mel01148.jpg,1
mel01149.jpg,1
mel01150.jpg,1
mel01151.jpg,1
mel01152.jpg,1
mel01153.jpg,1
mel01154.jpg,1
mel01155.jpg,1
mel01156.jpg,1
mel01157.jpg,1
mel01158.jpg,1
mel01159.jpg,1
mel01160.jpg,1
mel01161.jpg,1
mel01162.jpg,1
mel01163.jpg,1
mel01164.jpg,1
mel01165.jpg,1
mel01166.jpg,1
mel01167.jpg,1
mel01168.jpg,1
mel01169.jpg,1
mel01170.jpg,1
mel01171.jpg,1
mel01172.jpg,1
mel01173.jpg,1
mel01174.jpg,1
mel01175.jpg,1
mel01176.jpg,1
mel01177.jpg,1
mel01178.jpg,1
mel01179.jpg,1
mel01180.jpg,1
mel01181.jpg,1
mel01182.jpg,1
mel01183.jpg,1
mel01184.jpg,1
mel01185.jpg,1
mel01186.jpg,1
mel01187.jpg,1
mel01188.jpg,1
mel01189.jpg,1
mel01190.jpg,1
mel01191.jpg,1
mel01192.jpg,1
mel01193.jpg,1
mel01194.jpg,1
mel01195.jpg,1
mel01196.jpg,1
mel01197.jpg,1
mel01198.jpg,1
mel01199.jpg,1
mel01200.jpg,1
mel01201.jpg,1
mel01202.jpg,1
mel01203.jpg,1
mel01204.jpg,1
mel01205.jpg,1
mel01206.jpg,1
mel01207.jpg,1
mel01208.jpg,1
mel01209.jpg,1
mel01210.jpg,1
mel01211.jpg,1
mel01212.jpg,1
mel01213.jpg,1
mel01214.jpg,1
mel01215.jpg,1
mel01216.jpg,1
mel01217.jpg,1
mel01218.jpg,1
mel01219.jpg,1
mel01220.jpg,1
mel01221.jpg,1
mel01222.jpg,1
mel01223.jpg,1
mel01224.jpg,1
mel01225.jpg,1
mel01226.jpg,1
mel01227.jpg,1
mel01228.jpg,1
mel01229.jpg,1
mel01230.jpg,1
mel01231.jpg,1
mel01232.jpg,1
mel01233.jpg,1
mel01234.jpg,1
mel01235.jpg,1
mel01236.jpg,1
mel01237.jpg,1
mel01238.jpg,1
mel01239.jpg,1
mel01240.jpg,1
mel01241.jpg,1
mel01242.jpg,1
mel01243.jpg,1
mel01244.jpg,1
mel01245.jpg,1
mel01246.jpg,1
mel01247.jpg,1
mel01248.jpg,1
mel01249.jpg,1
mel01250.jpg,1
mel01251.jpg,1
mel01252.jpg,1
mel01253.jpg,1
mel01254.jpg,1
mel01255.jpg,1
mel01256.jpg,1
mel01257.jpg,1
mel01258.jpg,1
mel01259.jpg,1
mel01260.jpg,1
mel01261.jpg,1
mel01262.jpg,1
mel01263.jpg,1
mel01264.jpg,1
mel01265.jpg,1
mel01266.jpg,1
mel01267.jpg,1
mel01268.jpg,1
mel01269.jpg,1
mel01270.jpg,1
mel01271.jpg,1
mel01272.jpg,1
mel01273.jpg,1
mel01274.jpg,1
mel01275.jpg,1
mel01276.jpg,1
mel01277.jpg,1
mel01278.jpg,1
mel01279.jpg,1
mel01280.jpg,1
mel01281.jpg,1
mel01282.jpg,1
mel01283.jpg,1
mel01284.jpg,1
mel01285.jpg,1
mel01286.jpg,1
mel01287.jpg,1
mel01288.jpg,1
mel01289.jpg,1
mel01290.jpg,1
mel01291.jpg,1
mel01292.jpg,1
mel01293.jpg,1
mel01294.jpg,1
mel01295.jpg,1
mel01296.jpg,1
mel01297.jpg,1
mel01298.jpg,1
mel01299.jpg,1
mel01300.jpg,1
mel01301.jpg,1
mel01302.jpg,1
mel01303.jpg,1
mel01304.jpg,1
mel01305.jpg,1
mel01306.jpg,1
mel01307.jpg,1
mel01308.jpg,1
mel01309.jpg,1
mel01310.jpg,1
mel01311.jpg,1
mel01312.jpg,1
mel01313.jpg,1
mel01314.jpg,1
mel01315.jpg,1
mel01316.jpg,1
mel01317.jpg,1
mel01318.jpg,1
mel01319.jpg,1
mel01320.jpg,1
mel01321.jpg,1
mel01322.jpg,1
mel01323.jpg,1
mel01324.jpg,1
mel01325.jpg,1
mel01326.jpg,1
mel01327.jpg,1
mel01328.jpg,1
mel01329.jpg,1
mel01330.jpg,1
mel01331.jpg,1
mel01332.jpg,1
mel01333.jpg,1
mel01334.jpg,1
mel01335.jpg,1
mel01336.jpg,1
mel01337.jpg,1
mel01338.jpg,1
mel01339.jpg,1
mel01340.jpg,1
mel01341.jpg,1
mel01342.jpg,1
mel01343.jpg,1
mel01344.jpg,1
mel01345.jpg,1
mel01346.jpg,1
mel01347.jpg,1
mel01348.jpg,1
mel01349.jpg,1
mel01350.jpg,1
mel01351.jpg,1
mel01352.jpg,1
mel01353.jpg,1
mel01354.jpg,1
mel01355.jpg,1
mel01356.jpg,1
mel01357.jpg,1
mel01358.jpg,1
mel01359.jpg,1
mel01360.jpg,1
mel01361.jpg,1
mel01362.jpg,1
mel01363.jpg,1
mel01364.jpg,1
mel01365.jpg,1
mel01366.jpg,1
mel01367.jpg,1
mel01368.jpg,1
mel01369.jpg,1
mel01370.jpg,1
mel01371.jpg,1
mel01372.jpg,1
mel01373.jpg,1
mel01374.jpg,1
mel01375.jpg,1
mel01376.jpg,1
mel01377.jpg,1
mel01378.jpg,1
mel01379.jpg,1
mel01380.jpg,1
mel01381.jpg,1
mel01382.jpg,1
mel01383.jpg,1
mel01384.jpg,1
mel01385.jpg,1
mel01386.jpg,1
mel01387.jpg,1
mel01388.jpg,1
mel01389.jpg,1
mel01390.jpg,1
mel01391.jpg,1
mel01392.jpg,1
mel01393.jpg,1
mel01394.jpg,1
mel01395.jpg,1
mel01396.jpg,1
mel01397.jpg,1
mel01398.jpg,1
mel01399.jpg,1
mel01400.jpg,1
mel01401.jpg,1
mel01402.jpg,1
mel01403.jpg,1
mel01404.jpg,1
mel01405.jpg,1
mel01406.jpg,1
mel01407.jpg,1
mel01408.jpg,1
mel01409.jpg,1
mel01410.jpg,1
mel01411.jpg,1
mel01412.jpg,1
mel01413.jpg,1
mel01414.jpg,1
mel01415.jpg,1
mel01416.jpg,1
mel01417.jpg,1
mel01418.jpg,1
mel01419.jpg,1
mel01420.jpg,1
mel01421.jpg,1
mel01422.jpg,1
mel01423.jpg,1
mel01424.jpg,1
mel01425.jpg,1
mel01426.jpg,1
mel01427.jpg,1
mel01428.jpg,1
mel01429.jpg,1
mel01430.jpg,1
mel01431.jpg,1
mel01432.jpg,1
mel01433.jpg,1
mel01434.jpg,1
mel01435.jpg,1
mel01436.jpg,1
mel01437.jpg,1
mel01438.jpg,1
mel01439.jpg,1
mel01440.jpg,1
mel01441.jpg,1
mel01442.jpg,1
mel01443.jpg,1
mel01444.jpg,1
mel01445.jpg,1
mel01446.jpg,1
mel01447.jpg,1
mel01448.jpg,1
mel01449.jpg,1
mel01450.jpg,1
mel01451.jpg,1
mel01452.jpg,1
mel01453.jpg,1
mel01454.jpg,1
mel01455.jpg,1
mel01456.jpg,1
mel01457.jpg,1
mel01458.jpg,1
mel01459.jpg,1
mel01460.jpg,1
mel01461.jpg,1
mel01462.jpg,1
mel01463.jpg,1
mel01464.jpg,1
mel01465.jpg,1
mel01466.jpg,1
mel01467.jpg,1
mel01468.jpg,1
mel01469.jpg,1
mel01470.jpg,1
mel01471.jpg,1
mel01472.jpg,1
mel01473.jpg,1
mel01474.jpg,1
mel01475.jpg,1
mel01476.jpg,1
mel01477.jpg,1
mel01478.jpg,1
mel01479.jpg,1
mel01480.jpg,1
mel01481.jpg,1
mel01482.jpg,1
mel01483.jpg,1
mel01484.jpg,1
mel01485.jpg,1
mel01486.jpg,1
mel01487.jpg,1
mel01488.jpg,1
mel01489.jpg,1
mel01490.jpg,1
mel01491.jpg,1
mel01492.jpg,1
mel01493.jpg,1
mel01494.jpg,1
mel01495.jpg,1
mel01496.jpg,1
mel01497.jpg,1
mel01498.jpg,1
mel01499.jpg,1
mel01500.jpg,1
mel01501.jpg,1
mel01502.jpg,1
mel01503.jpg,1
mel01504.jpg,1
mel01505.jpg,1
mel01506.jpg,1
mel01507.jpg,1
mel01508.jpg,1
mel01509.jpg,1
mel01510.jpg,1
mel01511.jpg,1
mel01512.jpg,1
mel01513.jpg,1
mel01514.jpg,1
mel01515.jpg,1
mel01516.jpg,1
mel01517.jpg,1
mel01518.jpg,1
mel01519.jpg,1
mel01520.jpg,1
mel01521.jpg,1
mel01522.jpg,1
mel01523.jpg,1
mel01524.jpg,1
mel01525.jpg,1
mel01526.jpg,1
mel01527.jpg,1
mel01528.jpg,1
mel01529.jpg,1
mel01530.jpg,1
mel01531.jpg,1
mel01532.jpg,1
mel01533.jpg,1
mel01534.jpg,1
mel01535.jpg,1
mel01536.jpg,1
mel01537.jpg,1
mel01538.jpg,1
mel01539.jpg,1
mel01540.jpg,1
mel01541.jpg,1
mel01542.jpg,1
mel01543.jpg,1
mel01544.jpg,1
mel01545.jpg,1
mel01546.jpg,1
mel01547.jpg,1
mel01548.jpg,1
mel01549.jpg,1
mel01550.jpg,1
mel01551.jpg,1
mel01552.jpg,1
mel01553.jpg,1
mel01554.jpg,1
mel01555.jpg,1
mel01556.jpg,1
mel01557.jpg,1
mel01558.jpg,1
mel01559.jpg,1
mel01560.jpg,1
mel01561.jpg,1
mel01562.jpg,1
mel01563.jpg,1
mel01564.jpg,1
mel01565.jpg,1
mel01566.jpg,1
mel01567.jpg,1
mel01568.jpg,1
mel01569.jpg,1
mel01570.jpg,1
mel01571.jpg,1
mel01572.jpg,1
mel01573.jpg,1
mel01574.jpg,1
mel01575.jpg,1
mel01576.jpg,1
mel01577.jpg,1
mel01578.jpg,1
mel01579.jpg,1
mel01580.jpg,1
mel01581.jpg,1
mel01582.jpg,1
mel01583.jpg,1
mel01584.jpg,1
mel01585.jpg,1
mel01586.jpg,1
mel01587.jpg,1
mel01588.jpg,1
mel01589.jpg,1
mel01590.jpg,1
mel01591.jpg,1
mel01592.jpg,1
mel01593.jpg,1
mel01594.jpg,1
mel01595.jpg,1
mel01596.jpg,1
mel01597.jpg,1
mel01598.jpg,1
mel01599.jpg,1
mel01600.jpg,1
mel01601.jpg,1
mel01602.jpg,1
mel01603.jpg,1
mel01604.jpg,1
mel01605.jpg,1
mel01606.jpg,1
mel01607.jpg,1
mel01608.jpg,1
mel01609.jpg,1
mel01610.jpg,1
mel01611.jpg,1
mel01612.jpg,1
mel01613.jpg,1
mel01614.jpg,1
mel01615.jpg,1
mel01616.jpg,1
mel01617.jpg,1
mel01618.jpg,1
mel01619.jpg,1
mel01620.jpg,1
mel01621.jpg,1
mel01622.jpg,1
mel01623.jpg,1
mel01624.jpg,1
mel01625.jpg,1
mel01626.jpg,1
mel01627.jpg,1
mel01628.jpg,1
mel01629.jpg,1
mel01630.jpg,1
mel01631.jpg,1
mel01632.jpg,1
mel01633.jpg,1
mel01634.jpg,1
mel01635.jpg,1
mel01636.jpg,1
mel01637.jpg,1
mel01638.jpg,1
mel01639.jpg,1
mel01640.jpg,1
mel01641.jpg,1
mel01642.jpg,1
mel01643.jpg,1
mel01644.jpg,1
mel01645.jpg,1
mel01646.jpg,1
mel01647.jpg,1
mel01648.jpg,1
mel01649.jpg,1
mel01650.jpg,1
mel01651.jpg,1
mel01652.jpg,1
mel01653.jpg,1
mel01654.jpg,1
mel01655.jpg,1
mel01656.jpg,1
mel01657.jpg,1
mel01658.jpg,1
mel01659.jpg,1
mel01660.jpg,1
mel01661.jpg,1
mel01662.jpg,1
mel01663.jpg,1
mel01664.jpg,1
mel01665.jpg,1
mel01666.jpg,1
mel01667.jpg,1
mel01668.jpg,1
mel01669.jpg,1
mel01670.jpg,1
mel01671.jpg,1
mel01672.jpg,1
mel01673.jpg,1
mel01674.jpg,1
mel01675.jpg,1
mel01676.jpg,1
mel01677.jpg,1
mel01678.jpg,1
mel01679.jpg,1
mel01680.jpg,1
mel01681.jpg,1
mel01682.jpg,1
mel01683.jpg,1
mel01684.jpg,1
mel01685.jpg,1
mel01686.jpg,1
mel01687.jpg,1
mel01688.jpg,1
mel01689.jpg,1
mel01690.jpg,1
mel01691.jpg,1
mel01692.jpg,1
mel01693.jpg,1
mel01694.jpg,1
mel01695.jpg,1
mel01696.jpg,1
mel01697.jpg,1
mel01698.jpg,1
mel01699.jpg,1
mel01700.jpg,1
mel01701.jpg,1
mel01702.jpg,1
mel01703.jpg,1
mel01704.jpg,1
mel01705.jpg,1
mel01706.jpg,1
mel01707.jpg,1
mel01708.jpg,1
mel01709.jpg,1
mel01710.jpg,1
mel01711.jpg,1
mel01712.jpg,1
mel01713.jpg,1
mel01714.jpg,1
mel01715.jpg,1
mel01716.jpg,1
mel01717.jpg,1
mel01718.jpg,1
mel01719.jpg,1
mel01720.jpg,1
mel01721.jpg,1
mel01722.jpg,1
mel01723.jpg,1
mel01724.jpg,1
mel01725.jpg,1
mel01726.jpg,1
mel01727.jpg,1
mel01728.jpg,1
mel01729.jpg,1
mel01730.jpg,1
mel01731.jpg,1
mel01732.jpg,1
mel01733.jpg,1
mel01734.jpg,1
mel01735.jpg,1
mel01736.jpg,1
mel01737.jpg,1
mel01738.jpg,1
mel01739.jpg,1
mel01740.jpg,1
mel01741.jpg,1
mel01742.jpg,1
mel01743.jpg,1
mel01744.jpg,1
mel01745.jpg,1
mel01746.jpg,1
mel01747.jpg,1
mel01748.jpg,1
mel01749.jpg,1
mel01750.jpg,1
mel01751.jpg,1
mel01752.jpg,1
mel01753.jpg,1
mel01754.jpg,1
mel01755.jpg,1
mel01756.jpg,1
mel01757.jpg,1
mel01758.jpg,1
mel01759.jpg,1
mel01760.jpg,1
mel01761.jpg,1
mel01762.jpg,1
mel01763.jpg,1
mel01764.jpg,1
mel01765.jpg,1
mel01766.jpg,1
mel01767.jpg,1
mel01768.jpg,1
mel01769.jpg,1
mel01770.jpg,1
mel01771.jpg,1
mel01772.jpg,1
mel01773.jpg,1
mel01774.jpg,1
mel01775.jpg,1
mel01776.jpg,1
mel01777.jpg,1
mel01778.jpg,1
mel01779.jpg,1
mel01780.jpg,1
mel01781.jpg,1
mel01782.jpg,1
mel01783.jpg,1
mel01784.jpg,1
mel01785.jpg,1
mel01786.jpg,1
mel01787.jpg,1
mel01788.jpg,1
mel01789.jpg,1
mel01790.jpg,1
mel01791.jpg,1
mel01792.jpg,1
mel01793.jpg,1
mel01794.jpg,1
mel01795.jpg,1
mel01796.jpg,1
mel01797.jpg,1
mel01798.jpg,1
mel01799.jpg,1
mel01800.jpg,1
mel01801.jpg,1
mel01802.jpg,1
mel01803.jpg,1
mel01804.jpg,1
mel01805.jpg,1
mel01806.jpg,1
mel01807.jpg,1
mel01808.jpg,1
mel01809.jpg,1
mel01810.jpg,1
mel01811.jpg,1
mel01812.jpg,1
mel01813.jpg,1
mel01814.jpg,1
mel01815.jpg,1
mel01816.jpg,1
mel01817.jpg,1
mel01818.jpg,1
mel01819.jpg,1
mel01820.jpg,1
mel01821.jpg,1
mel01822.jpg,1
mel01823.jpg,1
mel01824.jpg,1
mel01825.jpg,1
mel01826.jpg,1
mel01827.jpg,1
mel01828.jpg,1
mel01829.jpg,1
mel01830.jpg,1
mel01831.jpg,1
mel01832.jpg,1
mel01833.jpg,1
mel01834.jpg,1
mel01835.jpg,1
mel01836.jpg,1
mel01837.jpg,1
mel01838.jpg,1
mel01839.jpg,1
mel01840.jpg,1
mel01841.jpg,1
mel01842.jpg,1
mel01843.jpg,1
mel01844.jpg,1
mel01845.jpg,1
mel01846.jpg,1
mel01847.jpg,1
mel01848.jpg,1
mel01849.jpg,1
mel01850.jpg,1
mel01851.jpg,1
mel01852.jpg,1
mel01853.jpg,1
mel01854.jpg,1
mel01855.jpg,1
mel01856.jpg,1
mel01857.jpg,1
mel01858.jpg,1
mel01859.jpg,1
mel01860.jpg,1
mel01861.jpg,1
mel01862.jpg,1
mel01863.jpg,1
mel01864.jpg,1
mel01865.jpg,1
mel01866.jpg,1
mel01867.jpg,1
mel01868.jpg,1
mel01869.jpg,1
mel01870.jpg,1
mel01871.jpg,1
mel01872.jpg,1
mel01873.jpg,1
mel01874.jpg,1
mel01875.jpg,1
mel01876.jpg,1
mel01877.jpg,1
mel01878.jpg,1
mel01879.jpg,1
mel01880.jpg,1
mel01881.jpg,1
mel01882.jpg,1
mel01883.jpg,1
mel01884.jpg,1
mel01885.jpg,1
mel01886.jpg,1
mel01887.jpg,1
mel01888.jpg,1
mel01889.jpg,1
mel01890.jpg,1
mel01891.jpg,1
mel01892.jpg,1
mel01893.jpg,1
mel01894.jpg,1
mel01895.jpg,1
mel01896.jpg,1
mel01897.jpg,1
mel01898.jpg,1
mel01899.jpg,1
mel01900.jpg,1
mel01901.jpg,1
mel01902.jpg,1
mel01903.jpg,1
mel01904.jpg,1
mel01905.jpg,1
mel01906.jpg,1
mel01907.jpg,1
mel01908.jpg,1
mel01909.jpg,1
mel01910.jpg,1
mel01911.jpg,1
mel01912.jpg,1
mel01913.jpg,1
mel01914.jpg,1
mel01915.jpg,1
mel01916.jpg,1
mel01917.jpg,1
mel01918.jpg,1
mel01919.jpg,1
mel01920.jpg,1
mel01921.jpg,1
mel01922.jpg,1
mel01923.jpg,1
mel01924.jpg,1
mel01925.jpg,1
mel01926.jpg,1
mel01927.jpg,1
mel01928.jpg,1
mel01929.jpg,1
mel01930.jpg,1
mel01931.jpg,1
mel01932.jpg,1
mel01933.jpg,1
mel01934.jpg,1
mel01935.jpg,1
mel01936.jpg,1
mel01937.jpg,1
mel01938.jpg,1
mel01939.jpg,1
mel01940.jpg,1
mel01941.jpg,1
mel01942.jpg,1
mel01943.jpg,1
mel01944.jpg,1
mel01945.jpg,1
mel01946.jpg,1
mel01947.jpg,1
mel01948.jpg,1
mel01949.jpg,1
mel01950.jpg,1
mel01951.jpg,1
mel01952.jpg,1
mel01953.jpg,1
mel01954.jpg,1
mel01955.jpg,1
mel01956.jpg,1
mel01957.jpg,1
mel01958.jpg,1
mel01959.jpg,1
mel01960.jpg,1
mel01961.jpg,1
mel01962.jpg,1
mel01963.jpg,1
mel01964.jpg,1
mel01965.jpg,1
mel01966.jpg,1
mel01967.jpg,1
mel01968.jpg,1
mel01969.jpg,1
mel01970.jpg,1
mel01971.jpg,1
mel01972.jpg,1
mel01973.jpg,1
mel01974.jpg,1
mel01975.jpg,1
mel01976.jpg,1
mel01977.jpg,1
mel01978.jpg,1
mel01979.jpg,1
mel01980.jpg,1
mel01981.jpg,1
mel01982.jpg,1
mel01983.jpg,1
mel01984.jpg,1
mel01985.jpg,1
mel01986.jpg,1
mel01987.jpg,1
mel01988.jpg,1
mel01989.jpg,1
mel01990.jpg,1
mel01991.jpg,1
mel01992.jpg,1
mel01993.jpg,1
mel01994.jpg,1
mel01995.jpg,1
mel01996.jpg,1
mel01997.jpg,1
mel01998.jpg,1
mel01999.jpg,1
mel02000.jpg,1
mel02001.jpg,1
mel02002.jpg,1
mel02003.jpg,1
mel02004.jpg,1
mel02005.jpg,1
mel02006.jpg,1
mel02007.jpg,1
mel02008.jpg,1
mel02009.jpg,1
mel02010.jpg,1
mel02011.jpg,1
mel02012.jpg,1
mel02013.jpg,1
mel02014.jpg,1
mel02015.jpg,1
mel02016.jpg,1
mel02017.jpg,1
mel02018.jpg,1
mel02019.jpg,1
mel02020.jpg,1
mel02021.jpg,1
mel02022.jpg,1
mel02023.jpg,1
mel02024.jpg,1
mel02025.jpg,1
mel02026.jpg,1
mel02027.jpg,1
mel02028.jpg,1
mel02029.jpg,1
mel02030.jpg,1
mel02031.jpg,1
mel02032.jpg,1
mel02033.jpg,1
mel02034.jpg,1
mel02035.jpg,1
mel02036.jpg,1
mel02037.jpg,1
mel02038.jpg,1
mel02039.jpg,1
mel02040.jpg,1
mel02041.jpg,1
mel02042.jpg,1
mel02043.jpg,1
mel02044.jpg,1
mel02045.jpg,1
mel02046.jpg,1
mel02047.jpg,1
mel02048.jpg,1
mel02049.jpg,1
mel02050.jpg,1
mel02051.jpg,1
mel02052.jpg,1
mel02053.jpg,1
mel02054.jpg,1
mel02055.jpg,1
mel02056.jpg,1
mel02057.jpg,1
mel02058.jpg,1
mel02059.jpg,1
mel02060.jpg,1
mel02061.jpg,1
mel02062.jpg,1
mel02063.jpg,1
mel02064.jpg,1
mel02065.jpg,1
mel02066.jpg,1
mel02067.jpg,1
mel02068.jpg,1
mel02069.jpg,1
mel02070.jpg,1
mel02071.jpg,1
mel02072.jpg,1
mel02073.jpg,1
mel02074.jpg,1
mel02075.jpg,1
mel02076.jpg,1
mel02077.jpg,1
mel02078.jpg,1
mel02079.jpg,1
mel02080.jpg,1
mel02081.jpg,1
mel02082.jpg,1
mel02083.jpg,1
mel02084.jpg,1
mel02085.jpg,1
mel02086.jpg,1
mel02087.jpg,1
mel02088.jpg,1
mel02089.jpg,1
mel02090.jpg,1
mel02091.jpg,1
mel02092.jpg,1
mel02093.jpg,1
mel02094.jpg,1
mel02095.jpg,1
mel02096.jpg,1
mel02097.jpg,1
mel02098.jpg,1
mel02099.jpg,1
mel02100.jpg,1
mel02101.jpg,1
mel02102.jpg,1
mel02103.jpg,1
mel02104.jpg,1
mel02105.jpg,1
mel02106.jpg,1
mel02107.jpg,1
mel02108.jpg,1
mel02109.jpg,1
mel02110.jpg,1
mel02111.jpg,1
mel02112.jpg,1
mel02113.jpg,1
mel02114.jpg,1
mel02115.jpg,1
mel02116.jpg,1
mel02117.jpg,1
mel02118.jpg,1
mel02119.jpg,1
mel02120.jpg,1
mel02121.jpg,1
mel02122.jpg,1
mel02123.jpg,1
mel02124.jpg,1
mel02125.jpg,1
mel02126.jpg,1
mel02127.jpg,1
mel02128.jpg,1
mel02129.jpg,1
mel02130.jpg,1
mel02131.jpg,1
mel02132.jpg,1
mel02133.jpg,1
mel02134.jpg,1
mel02135.jpg,1
mel02136.jpg,1
mel02137.jpg,1
mel02138.jpg,1
mel02139.jpg,1
mel02140.jpg,1
mel02141.jpg,1
mel02142.jpg,1
mel02143.jpg,1
mel02144.jpg,1
mel02145.jpg,1
mel02146.jpg,1
mel02147.jpg,1
mel02148.jpg,1
mel02149.jpg,1
mel02150.jpg,1
mel02151.jpg,1
mel02152.jpg,1
mel02153.jpg,1
mel02154.jpg,1
mel02155.jpg,1
mel02156.jpg,1
mel02157.jpg,1
mel02158.jpg,1
mel02159.jpg,1
mel02160.jpg,1
mel02161.jpg,1
mel02162.jpg,1
mel02163.jpg,1
mel02164.jpg,1
mel02165.jpg,1
mel02166.jpg,1
mel02167.jpg,1
mel02168.jpg,1
mel02169.jpg,1
mel02170.jpg,1
mel02171.jpg,1
mel02172.jpg,1
mel02173.jpg,1
mel02174.jpg,1
mel02175.jpg,1
mel02176.jpg,1
mel02177.jpg,1
mel02178.jpg,1
mel02179.jpg,1
mel02180.jpg,1
mel02181.jpg,1
mel02182.jpg,1
mel02183.jpg,1
mel02184.jpg,1
mel02185.jpg,1
mel02186.jpg,1
mel02187.jpg,1
mel02188.jpg,1
mel02189.jpg,1
mel02190.jpg,1
mel02191.jpg,1
mel02192.jpg,1
mel02193.jpg,1
mel02194.jpg,1
mel02195.jpg,1
mel02196.jpg,1
mel02197.jpg,1
mel02198.jpg,1
mel02199.jpg,1
mel02200.jpg,1
mel02201.jpg,1
mel02202.jpg,1
mel02203.jpg,1
mel02204.jpg,1
mel02205.jpg,1
mel02206.jpg,1
mel02207.jpg,1
mel02208.jpg,1
mel02209.jpg,1
mel02210.jpg,1
mel02211.jpg,1
mel02212.jpg,1
mel02213.jpg,1
mel02214.jpg,1
mel02215.jpg,1
mel02216.jpg,1
mel02217.jpg,1
mel02218.jpg,1
mel02219.jpg,1
mel02220.jpg,1
mel02221.jpg,1
mel02222.jpg,1
mel02223.jpg,1
mel02224.jpg,1
mel02225.jpg,1
mel02226.jpg,1
mel02227.jpg,1
mel02228.jpg,1
mel02229.jpg,1
mel02230.jpg,1
mel02231.jpg,1
mel02232.jpg,1
mel02233.jpg,1
mel02234.jpg,1
mel02235.jpg,1
mel02236.jpg,1
mel02237.jpg,1
mel02238.jpg,1
mel02239.jpg,1
mel02240.jpg,1
mel02241.jpg,1
mel02242.jpg,1
mel02243.jpg,1
mel02244.jpg,1
mel02245.jpg,1
mel02246.jpg,1
mel02247.jpg,1
mel02248.jpg,1
mel02249.jpg,1
mel02250.jpg,1
mel02251.jpg,1
mel02252.jpg,1
mel02253.jpg,1
mel02254.jpg,1
mel02255.jpg,1
mel02256.jpg,1
mel02257.jpg,1
mel02258.jpg,1
mel02259.jpg,1
mel02260.jpg,1
mel02261.jpg,1
mel02262.jpg,1
mel02263.jpg,1
mel02264.jpg,1
mel02265.jpg,1
mel02266.jpg,1
mel02267.jpg,1
mel02268.jpg,1
mel02269.jpg,1
mel02270.jpg,1
mel02271.jpg,1
mel02272.jpg,1
mel02273.jpg,1
mel02274.jpg,1
mel02275.jpg,1
mel02276.jpg,1
mel02277.jpg,1
mel02278.jpg,1
mel02279.jpg,1
mel02280.jpg,1
mel02281.jpg,1
mel02282.jpg,1
mel02283.jpg,1
mel02284.jpg,1
mel02285.jpg,1
mel02286.jpg,1
mel02287.jpg,1
mel02288.jpg,1
mel02289.jpg,1
mel02290.jpg,1
mel02291.jpg,1
mel02292.jpg,1
mel02293.jpg,1
mel02294.jpg,1
mel02295.jpg,1
mel02296.jpg,1
mel02297.jpg,1
mel02298.jpg,1
mel02299.jpg,1
mel02300.jpg,1
mel02301.jpg,1
mel02302.jpg,1
mel02303.jpg,1
mel02304.jpg,1
mel02305.jpg,1
mel02306.jpg,1
mel02307.jpg,1
mel02308.jpg,1
mel02309.jpg,1
mel02310.jpg,1
mel02311.jpg,1
mel02312.jpg,1
mel02313.jpg,1
mel02314.jpg,1
mel02315.jpg,1
mel02316.jpg,1
mel02317.jpg,1
mel02318.jpg,1
mel02319.jpg,1
mel02320.jpg,1
mel02321.jpg,1
mel02322.jpg,1
mel02323.jpg,1
mel02324.jpg,1
mel02325.jpg,1
mel02326.jpg,1
mel02327.jpg,1
mel02328.jpg,1
mel02329.jpg,1
mel02330.jpg,1
mel02331.jpg,1
mel02332.jpg,1
mel02333.jpg,1
mel02334.jpg,1
mel02335.jpg,1
mel02336.jpg,1
mel02337.jpg,1
mel02338.jpg,1
mel02339.jpg,1
mel02340.jpg,1
mel02341.jpg,1
mel02342.jpg,1
mel02343.jpg,1
mel02344.jpg,1
mel02345.jpg,1
mel02346.jpg,1
mel02347.jpg,1
mel02348.jpg,1
mel02349.jpg,1
mel02350.jpg,1
mel02351.jpg,1
mel02352.jpg,1
mel02353.jpg,1
mel02354.jpg,1
mel02355.jpg,1
mel02356.jpg,1
mel02357.jpg,1
mel02358.jpg,1
mel02359.jpg,1
mel02360.jpg,1
mel02361.jpg,1
mel02362.jpg,1
mel02363.jpg,1
mel02364.jpg,1
mel02365.jpg,1
mel02366.jpg,1
mel02367.jpg,1
mel02368.jpg,1
mel02369.jpg,1
mel02370.jpg,1
mel02371.jpg,1
mel02372.jpg,1
mel02373.jpg,1
mel02374.jpg,1
mel02375.jpg,1
mel02376.jpg,1
mel02377.jpg,1
mel02378.jpg,1
mel02379.jpg,1
mel02380.jpg,1
mel02381.jpg,1
mel02382.jpg,1
mel02383.jpg,1
mel02384.jpg,1
mel02385.jpg,1
mel02386.jpg,1
mel02387.jpg,1
mel02388.jpg,1
mel02389.jpg,1
mel02390.jpg,1
mel02391.jpg,1
mel02392.jpg,1
mel02393.jpg,1
mel02394.jpg,1
mel02395.jpg,1
mel02396.jpg,1
mel02397.jpg,1
mel02398.jpg,1
mel02399.jpg,1
mel02400.jpg,1
mel02401.jpg,1
mel02402.jpg,1
mel02403.jpg,1
mel02404.jpg,1
mel02405.jpg,1
mel02406.jpg,1
mel02407.jpg,1
mel02408.jpg,1
mel02409.jpg,1
mel02410.jpg,1
mel02411.jpg,1
mel02412.jpg,1
mel02413.jpg,1
mel02414.jpg,1
mel02415.jpg,1
mel02416.jpg,1
mel02417.jpg,1
mel02418.jpg,1
mel02419.jpg,1
mel02420.jpg,1
mel02421.jpg,1
mel02422.jpg,1
mel02423.jpg,1
mel02424.jpg,1
mel02425.jpg,1
mel02426.jpg,1
mel02427.jpg,1
mel02428.jpg,1
mel02429.jpg,1
mel02430.jpg,1
mel02431.jpg,1
mel02432.jpg,1
mel02433.jpg,1
mel02434.jpg,1
mel02435.jpg,1
mel02436.jpg,1
mel02437.jpg,1
mel02438.jpg,1
mel02439.jpg,1
mel02440.jpg,1
mel02441.jpg,1
mel02442.jpg,1
mel02443.jpg,1
mel02444.jpg,1
mel02445.jpg,1
mel02446.jpg,1
mel02447.jpg,1
mel02448.jpg,1
mel02449.jpg,1
mel02450.jpg,1
mel02451.jpg,1
mel02452.jpg,1
mel02453.jpg,1
mel02454.jpg,1
mel02455.jpg,1
mel02456.jpg,1
mel02457.jpg,1
mel02458.jpg,1
mel02459.jpg,1
mel02460.jpg,1
mel02461.jpg,1
mel02462.jpg,1
mel02463.jpg,1
mel02464.jpg,1
mel02465.jpg,1
mel02466.jpg,1
mel02467.jpg,1
mel02468.jpg,1
mel02469.jpg,1
mel02470.jpg,1
mel02471.jpg,1
mel02472.jpg,1
mel02473.jpg,1
mel02474.jpg,1
mel02475.jpg,1
mel02476.jpg,1
mel02477.jpg,1
mel02478.jpg,1
mel02479.jpg,1
mel02480.jpg,1
mel02481.jpg,1
mel02482.jpg,1
mel02483.jpg,1
mel02484.jpg,1
mel02485.jpg,1
mel02486.jpg,1
mel02487.jpg,1
mel02488.jpg,1
mel02489.jpg,1
mel02490.jpg,1
mel02491.jpg,1
mel02492.jpg,1
mel02493.jpg,1
mel02494.jpg,1
mel02495.jpg,1
mel02496.jpg,1
mel02497.jpg,1
mel02498.jpg,1
mel02499.jpg,1
mel02500.jpg,1
mel02501.jpg,1
mel02502.jpg,1
mel02503.jpg,1
mel02504.jpg,1
mel02505.jpg,1
mel02506.jpg,1
mel02507.jpg,1
mel02508.jpg,1
mel02509.jpg,1
mel02510.jpg,1
mel02511.jpg,1
mel02512.jpg,1
mel02513.jpg,1
mel02514.jpg,1
mel02515.jpg,1
mel02516.jpg,1
mel02517.jpg,1
mel02518.jpg,1
mel02519.jpg,1
mel02520.jpg,1
mel02521.jpg,1
mel02522.jpg,1
mel02523.jpg,1
mel02524.jpg,1
mel02525.jpg,1
mel02526.jpg,1
mel02527.jpg,1
mel02528.jpg,1
mel02529.jpg,1
mel02530.jpg,1
mel02531.jpg,1
mel02532.jpg,1
mel02533.jpg,1
mel02534.jpg,1
mel02535.jpg,1
mel02536.jpg,1
mel02537.jpg,1
mel02538.jpg,1
mel02539.jpg,1
mel02540.jpg,1
mel02541.jpg,1
mel02542.jpg,1
mel02543.jpg,1
mel02544.jpg,1
mel02545.jpg,1
mel02546.jpg,1
mel02547.jpg,1
mel02548.jpg,1
mel02549.jpg,1
mel02550.jpg,1
mel02551.jpg,1
mel02552.jpg,1
mel02553.jpg,1
mel02554.jpg,1
mel02555.jpg,1
mel02556.jpg,1
mel02557.jpg,1
mel02558.jpg,1
mel02559.jpg,1
mel02560.jpg,1
mel02561.jpg,1
mel02562.jpg,1
mel02563.jpg,1
mel02564.jpg,1
mel02565.jpg,1
mel02566.jpg,1
mel02567.jpg,1
mel02568.jpg,1
mel02569.jpg,1
mel02570.jpg,1
mel02571.jpg,1
mel02572.jpg,1
mel02573.jpg,1
mel02574.jpg,1
mel02575.jpg,1
mel02576.jpg,1
mel02577.jpg,1
mel02578.jpg,1
mel02579.jpg,1
mel02580.jpg,1
mel02581.jpg,1
mel02582.jpg,1
mel02583.jpg,1
mel02584.jpg,1
mel02585.jpg,1
mel02586.jpg,1
mel02587.jpg,1
mel02588.jpg,1
mel02589.jpg,1
mel02590.jpg,1
mel02591.jpg,1
mel02592.jpg,1
mel02593.jpg,1
mel02594.jpg,1
mel02595.jpg,1
mel02596.jpg,1
mel02597.jpg,1
mel02598.jpg,1
mel02599.jpg,1
mel02600.jpg,1
mel02601.jpg,1
mel02602.jpg,1
mel02603.jpg,1
mel02604.jpg,1
mel02605.jpg,1
mel02606.jpg,1
mel02607.jpg,1
mel02608.jpg,1
mel02609.jpg,1
mel02610.jpg,1
mel02611.jpg,1
mel02612.jpg,1
mel02613.jpg,1
mel02614.jpg,1
mel02615.jpg,1
mel02616.jpg,1
mel02617.jpg,1
mel02618.jpg,1
mel02619.jpg,1
mel02620.jpg,1
mel02621.jpg,1
mel02622.jpg,1
mel02623.jpg,1
mel02624.jpg,1
mel02625.jpg,1
mel02626.jpg,1
mel02627.jpg,1
mel02628.jpg,1
mel02629.jpg,1
mel02630.jpg,1
mel02631.jpg,1
mel02632.jpg,1
mel02633.jpg,1
mel02634.jpg,1
mel02635.jpg,1
mel02636.jpg,1
mel02637.jpg,1
mel02638.jpg,1
mel02639.jpg,1
mel02640.jpg,1
mel02641.jpg,1
mel02642.jpg,1
mel02643.jpg,1
mel02644.jpg,1
mel02645.jpg,1
mel02646.jpg,1
mel02647.jpg,1
mel02648.jpg,1
mel02649.jpg,1
mel02650.jpg,1
mel02651.jpg,1
mel02652.jpg,1
mel02653.jpg,1
mel02654.jpg,1
mel02655.jpg,1
mel02656.jpg,1
mel02657.jpg,1
mel02658.jpg,1
mel02659.jpg,1
mel02660.jpg,1
mel02661.jpg,1
mel02662.jpg,1
mel02663.jpg,1
mel02664.jpg,1
mel02665.jpg,1
mel02666.jpg,1
mel02667.jpg,1
mel02668.jpg,1
mel02669.jpg,1
mel02670.jpg,1
mel02671.jpg,1
mel02672.jpg,1
mel02673.jpg,1
mel02674.jpg,1
mel02675.jpg,1
mel02676.jpg,1
mel02677.jpg,1
mel02678.jpg,1
mel02679.jpg,1
mel02680.jpg,1
mel02681.jpg,1
mel02682.jpg,1
mel02683.jpg,1
mel02684.jpg,1
mel02685.jpg,1
mel02686.jpg,1
mel02687.jpg,1
mel02688.jpg,1
mel02689.jpg,1
mel02690.jpg,1
mel02691.jpg,1
mel02692.jpg,1
mel02693.jpg,1
mel02694.jpg,1
mel02695.jpg,1
mel02696.jpg,1
mel02697.jpg,1
mel02698.jpg,1
mel02699.jpg,1
mel02700.jpg,1
mel02701.jpg,1
mel02702.jpg,1
mel02703.jpg,1
mel02704.jpg,1
mel02705.jpg,1
mel02706.jpg,1
mel02707.jpg,1
mel02708.jpg,1
mel02709.jpg,1
mel02710.jpg,1
mel02711.jpg,1
mel02712.jpg,1
mel02713.jpg,1
scc00001.jpg,1
scc00002.jpg,1
scc00003.jpg,1
scc00004.jpg,1
scc00005.jpg,1
scc00006.jpg,1
scc00007.jpg,1
scc00008.jpg,1
scc00009.jpg,1
scc00010.jpg,1
scc00011.jpg,1
scc00012.jpg,1
scc00013.jpg,1
scc00014.jpg,1
scc00015.jpg,1
scc00016.jpg,1
scc00017.jpg,1
scc00018.jpg,1
scc00019.jpg,1
scc00020.jpg,1
scc00021.jpg,1
scc00022.jpg,1
scc00023.jpg,1
scc00024.jpg,1
scc00025.jpg,1
scc00026.jpg,1
scc00027.jpg,1
scc00028.jpg,1
scc00029.jpg,1
scc00030.jpg,1
scc00031.jpg,1
scc00032.jpg,1
scc00033.jpg,1
scc00034.jpg,1
scc00035.jpg,1
scc00036.jpg,1
scc00037.jpg,1
scc00038.jpg,1
scc00039.jpg,1
scc00040.jpg,1
scc00041.jpg,1
scc00042.jpg,1
scc00043.jpg,1
scc00044.jpg,1
scc00045.jpg,1
scc00046.jpg,1
scc00047.jpg,1
scc00048.jpg,1
scc00049.jpg,1
scc00050.jpg,1
scc00051.jpg,1
scc00052.jpg,1
scc00053.jpg,1
scc00054.jpg,1
scc00055.jpg,1
scc00056.jpg,1
scc00057.jpg,1
scc00058.jpg,1
scc00059.jpg,1
scc00060.jpg,1
scc00061.jpg,1
scc00062.jpg,1
scc00063.jpg,1
scc00064.jpg,1
scc00065.jpg,1
scc00066.jpg,1
scc00067.jpg,1
scc00068.jpg,1
scc00069.jpg,1
scc00070.jpg,1
scc00071.jpg,1
scc00072.jpg,1
scc00073.jpg,1
scc00074.jpg,1
scc00075.jpg,1
scc00076.jpg,1
scc00077.jpg,1
scc00078.jpg,1
scc00079.jpg,1
scc00080.jpg,1
scc00081.jpg,1
scc00082.jpg,1
scc00083.jpg,1
scc00084.jpg,1
scc00085.jpg,1
scc00086.jpg,1
scc00087.jpg,1
scc00088.jpg,1
scc00089.jpg,1
scc00090.jpg,1
scc00091.jpg,1
scc00092.jpg,1
scc00093.jpg,1
scc00094.jpg,1
scc00095.jpg,1
scc00096.jpg,1
scc00097.jpg,1
scc00098.jpg,1
scc00099.jpg,1
scc00100.jpg,1
scc00101.jpg,1
scc00102.jpg,1
scc00103.jpg,1
scc00104.jpg,1
scc00105.jpg,1
scc00106.jpg,1
scc00107.jpg,1
scc00108.jpg,1
scc00109.jpg,1
scc00110.jpg,1
scc00111.jpg,1
scc00112.jpg,1
scc00113.jpg,1
scc00114.jpg,1
scc00115.jpg,1
scc00116.jpg,1
scc00117.jpg,1
scc00118.jpg,1
scc00119.jpg,1
scc00120.jpg,1
scc00121.jpg,1
scc00122.jpg,1
scc00123.jpg,1
scc00124.jpg,1
scc00125.jpg,1
scc00126.jpg,1
scc00127.jpg,1
scc00128.jpg,1
scc00129.jpg,1
scc00130.jpg,1
scc00131.jpg,1
scc00132.jpg,1
scc00133.jpg,1
scc00134.jpg,1
scc00135.jpg,1
scc00136.jpg,1
scc00137.jpg,1
scc00138.jpg,1
scc00139.jpg,1
scc00140.jpg,1
scc00141.jpg,1
scc00142.jpg,1
scc00143.jpg,1
scc00144.jpg,1
scc00145.jpg,1
scc00146.jpg,1
scc00147.jpg,1
scc00148.jpg,1
scc00149.jpg,1
scc00150.jpg,1
scc00151.jpg,1
scc00152.jpg,1
scc00153.jpg,1
scc00154.jpg,1
scc00155.jpg,1
scc00156.jpg,1
scc00157.jpg,1
scc00158.jpg,1
scc00159.jpg,1
scc00160.jpg,1
scc00161.jpg,1
scc00162.jpg,1
scc00163.jpg,1
scc00164.jpg,1
scc00165.jpg,1
scc00166.jpg,1
scc00167.jpg,1
scc00168.jpg,1
scc00169.jpg,1
scc00170.jpg,1
scc00171.jpg,1
scc00172.jpg,1
scc00173.jpg,1
scc00174.jpg,1
scc00175.jpg,1
scc00176.jpg,1
scc00177.jpg,1
scc00178.jpg,1
scc00179.jpg,1
scc00180.jpg,1
scc00181.jpg,1
scc00182.jpg,1
scc00183.jpg,1
scc00184.jpg,1
scc00185.jpg,1
scc00186.jpg,1
scc00187.jpg,1
scc00188.jpg,1
scc00189.jpg,1
scc00190.jpg,1
scc00191.jpg,1
scc00192.jpg,1
scc00193.jpg,1
scc00194.jpg,1
scc00195.jpg,1
scc00196.jpg,1
scc00197.jpg,1
scc00198.jpg,1
scc00199.jpg,1
scc00200.jpg,1
scc00201.jpg,1
scc00202.jpg,1
scc00203.jpg,1
scc00204.jpg,1
scc00205.jpg,1
scc00206.jpg,1
scc00207.jpg,1
scc00208.jpg,1
scc00209.jpg,1
scc00210.jpg,1
scc00211.jpg,1
scc00212.jpg,1
scc00213.jpg,1
scc00214.jpg,1
scc00215.jpg,1
scc00216.jpg,1
scc00217.jpg,1
scc00218.jpg,1
scc00219.jpg,1
scc00220.jpg,1
scc00221.jpg,1
scc00222.jpg,1
scc00223.jpg,1
scc00224.jpg,1
scc00225.jpg,1
scc00226.jpg,1
scc00227.jpg,1
scc00228.jpg,1
scc00229.jpg,1
scc00230.jpg,1
scc00231.jpg,1
scc00232.jpg,1
scc00233.jpg,1
scc00234.jpg,1
scc00235.jpg,1
scc00236.jpg,1
scc00237.jpg,1
scc00238.jpg,1
scc00239.jpg,1
scc00240.jpg,1
scc00241.jpg,1
scc00242.jpg,1
scc00243.jpg,1
scc00244.jpg,1
scc00245.jpg,1
scc00246.jpg,1
scc00247.jpg,1
scc00248.jpg,1
scc00249.jpg,1
scc00250.jpg,1
scc00251.jpg,1
scc00252.jpg,1
scc00253.jpg,1
scc00254.jpg,1
scc00255.jpg,1
scc00256.jpg,1
scc00257.jpg,1
scc00258.jpg,1
scc00259.jpg,1
scc00260.jpg,1
scc00261.jpg,1
scc00262.jpg,1
scc00263.jpg,1
scc00264.jpg,1
scc00265.jpg,1
scc00266.jpg,1
scc00267.jpg,1
scc00268.jpg,1
scc00269.jpg,1
scc00270.jpg,1
scc00271.jpg,1
scc00272.jpg,1
scc00273.jpg,1
scc00274.jpg,1
scc00275.jpg,1
scc00276.jpg,1
scc00277.jpg,1
scc00278.jpg,1
scc00279.jpg,1
scc00280.jpg,1
scc00281.jpg,1
scc00282.jpg,1
scc00283.jpg,1
scc00284.jpg,1
scc00285.jpg,1
scc00286.jpg,1
scc00287.jpg,1
scc00288.jpg,1
scc00289.jpg,1
scc00290.jpg,1
scc00291.jpg,1
scc00292.jpg,1
scc00293.jpg,1
scc00294.jpg,1
scc00295.jpg,1
scc00296.jpg,1
scc00297.jpg,1
scc00298.jpg,1
scc00299.jpg,1
scc00300.jpg,1
scc00301.jpg,1
scc00302.jpg,1
scc00303.jpg,1
scc00304.jpg,1
scc00305.jpg,1
scc00306.jpg,1
scc00307.jpg,1
scc00308.jpg,1
scc00309.jpg,1
scc00310.jpg,1
scc00311.jpg,1
scc00312.jpg,1
scc00313.jpg,1
scc00314.jpg,1
scc00315.jpg,1
scc00316.jpg,1
scc00317.jpg,1
scc00318.jpg,1
scc00319.jpg,1
scc00320.jpg,1
scc00321.jpg,1
scc00322.jpg,1
scc00323.jpg,1
scc00324.jpg,1
scc00325.jpg,1
scc00326.jpg,1
scc00327.jpg,1
scc00328.jpg,1
scc00329.jpg,1
scc00330.jpg,1
scc00331.jpg,1
scc00332.jpg,1
scc00333.jpg,1
scc00334.jpg,1
scc00335.jpg,1
scc00336.jpg,1
scc00337.jpg,1
scc00338.jpg,1
scc00339.jpg,1
scc00340.jpg,1
scc00341.jpg,1
scc00342.jpg,1
scc00343.jpg,1
scc00344.jpg,1
scc00345.jpg,1
scc00346.jpg,1
scc00347.jpg,1
scc00348.jpg,1
scc00349.jpg,1
scc00350.jpg,1
scc00351.jpg,1
scc00352.jpg,1
scc00353.jpg,1
scc00354.jpg,1
scc00355.jpg,1
scc00356.jpg,1
scc00357.jpg,1
scc00358.jpg,1
scc00359.jpg,1
scc00360.jpg,1
scc00361.jpg,1
scc00362.jpg,1
scc00363.jpg,1
scc00364.jpg,1
scc00365.jpg,1
scc00366.jpg,1
scc00367.jpg,1
scc00368.jpg,1
scc00369.jpg,1
scc00370.jpg,1
scc00371.jpg,1
scc00372.jpg,1
scc00373.jpg,1
scc00374.jpg,1
scc00375.jpg,1
scc00376.jpg,1
vac00001.jpg,1
vac00002.jpg,1
vac00003.jpg,1
vac00004.jpg,1
vac00005.jpg,1
vac00006.jpg,1
vac00007.jpg,1
vac00008.jpg,1
vac00009.jpg,1
vac00010.jpg,1
vac00011.jpg,1
vac00012.jpg,1
vac00013.jpg,1
vac00014.jpg,1
vac00015.jpg,1
vac00016.jpg,1
vac00017.jpg,1
vac00018.jpg,1
vac00019.jpg,1
vac00020.jpg,1
vac00021.jpg,1
vac00022.jpg,1
vac00023.jpg,1
vac00024.jpg,1
vac00025.jpg,1
vac00026.jpg,1
vac00027.jpg,1
vac00028.jpg,1
vac00029.jpg,1
vac00030.jpg,1
vac00031.jpg,1
vac00032.jpg,1
vac00033.jpg,1
vac00034.jpg,1
vac00035.jpg,1
vac00036.jpg,1
vac00037.jpg,1
vac00038.jpg,1
vac00039.jpg,1
vac00040.jpg,1
vac00041.jpg,1
vac00042.jpg,1
vac00043.jpg,1
vac00044.jpg,1
vac00045.jpg,1
vac00046.jpg,1
vac00047.jpg,1
vac00048.jpg,1
vac00049.jpg,1
vac00050.jpg,1
vac00051.jpg,1
vac00052.jpg,1
vac00053.jpg,1
vac00054.jpg,1
vac00055.jpg,1
vac00056.jpg,1
vac00057.jpg,1
vac00058.jpg,1
vac00059.jpg,1
vac00060.jpg,1
vac00061.jpg,1
vac00062.jpg,1
vac00063.jpg,1
vac00064.jpg,1
vac00065.jpg,1
vac00066.jpg,1
vac00067.jpg,1
vac00068.jpg,1
vac00069.jpg,1
vac00070.jpg,1
vac00071.jpg,1
vac00072.jpg,1
vac00073.jpg,1
vac00074.jpg,1
vac00075.jpg,1
vac00076.jpg,1
vac00077.jpg,1
vac00078.jpg,1
vac00079.jpg,1
vac00080.jpg,1
vac00081.jpg,1
vac00082.jpg,1
vac00083.jpg,1
vac00084.jpg,1
vac00085.jpg,1
vac00086.jpg,1
vac00087.jpg,1
vac00088.jpg,1
vac00089.jpg,1
vac00090.jpg,1
vac00091.jpg,1
vac00092.jpg,1
vac00093.jpg,1
vac00094.jpg,1
vac00095.jpg,1
vac00096.jpg,1
vac00097.jpg,1
vac00098.jpg,1
vac00099.jpg,1
vac00100.jpg,1
vac00101.jpg,1
vac00102.jpg,1
vac00103.jpg,1
vac00104.jpg,1
vac00105.jpg,1
vac00106.jpg,1
vac00107.jpg,1
vac00108.jpg,1
vac00109.jpg,1
vac00110.jpg,1
vac00111.jpg,1
vac00112.jpg,1
vac00113.jpg,1
vac00114.jpg,1
vac00115.jpg,1
vac00116.jpg,1
vac00117.jpg,1
vac00118.jpg,1
vac00119.jpg,1
vac00120.jpg,1
vac00121.jpg,1
vac00122.jpg,1
vac00123.jpg,1
vac00124.jpg,1
vac00125.jpg,1
vac00126.jpg,1
vac00127.jpg,1
vac00128.jpg,1
vac00129.jpg,1
vac00130.jpg,1
vac00131.jpg,1
vac00132.jpg,1
vac00133.jpg,1
vac00134.jpg,1
vac00135.jpg,1
vac00136.jpg,1
vac00137.jpg,1
vac00138.jpg,1
vac00139.jpg,1
vac00140.jpg,1
vac00141.jpg,1
vac00142.jpg,1
vac00143.jpg,1
vac00144.jpg,1
vac00145.jpg,1
vac00146.jpg,1
vac00147.jpg,1
vac00148.jpg,1
vac00149.jpg,1
vac00150.jpg,1
vac00151.jpg,1
